idevaluacion;clip;nivel;version;forma;p1;p2;p3;p4;p5;p6;p7;p8;p9;p10;p11;p12;p13;p14;p15;p16;p17;p18;p19;p20;p21;p22;p23;p24;p25;p26;p27;p28;p29;p30;p31;p32;p33;p34;p35;p36;p37;p38;p39;p40;p41;p42;p43;p44;p45;p46;p47;p48;p49;p50;p51;p52;p53;p54;p55;p56;p57;p58;p59;p60;p61;p62;p63;p64;p65;p66;p67;p68;p69;p70;p71;p72;p73;p74;p75;p76;p77;p78;p79;p80;p81;p82;p83;p84;p85;p86;p87;p88
1;20;2;1;1;D;A;B;A;A;D;A;C;B;A;B;B;A;A;D;C;C;C;C;C;D;A;A;D;B;B;A;C;D;D;A;B;D;C;B;B;A;B;C;D;B;D;A;D;B;D;D;C;C;C;A;B;C;B;C;A;;;;;;;;;;;;;;;;;;;;;;;;;;;;;;;;
1;21;2;1;1;D;D;C;D;A;C;A;A;D;B;A;D;B;B;A;A;D;C;A;D;A;B;A;B;C;D;C;C;C;B;A;C;A;C;C;D;A;B;A;D;B;C;C;C;D;B;C;A;C;A;D;B;B;C;A;B;;;;;;;;;;;;;;;;;;;;;;;;;;;;;;;;
1;22;2;1;1;D;B;A;A;A;C;A;C;A;A;B;A;C;D;A;B;D;A;C;D;A;C;D;C;B;A;C;C;A;A;D;B;C;B;B;C;D;N;C;D;C;D;C;C;B;B;C;A;A;C;C;A;C;C;A;B;;;;;;;;;;;;;;;;;;;;;;;;;;;;;;;;
1;23;2;1;1;C;B;D;D;B;B;D;B;B;B;C;D;A;D;C;A;C;B;C;D;D;C;B;A;C;B;C;C;B;B;D;D;B;B;B;C;B;D;B;B;B;A;B;B;B;D;C;A;D;B;A;D;B;B;D;D;;;;;;;;;;;;;;;;;;;;;;;;;;;;;;;;
1;24;2;1;2;D;C;A;D;B;D;A;B;A;D;B;B;A;A;B;A;C;A;D;D;B;D;A;A;A;A;D;A;D;C;A;B;B;B;A;B;A;B;A;B;C;D;B;B;B;B;C;A;B;C;A;B;C;A;B;B;;;;;;;;;;;;;;;;;;;;;;;;;;;;;;;;
1;26;2;1;1;A;A;A;A;C;A;A;A;A;C;A;A;C;A;A;A;A;A;A;D;A;C;A;A;B;A;C;C;A;A;A;A;A;A;B;A;A;A;A;A;A;A;B;A;B;A;B;A;A;A;B;A;B;C;A;B;;;;;;;;;;;;;;;;;;;;;;;;;;;;;;;;
1;32;2;1;1;D;D;D;D;C;D;A;C;D;D;D;D;C;D;D;D;D;D;C;D;A;B;A;B;D;D;C;C;A;A;C;A;A;C;A;A;D;B;C;A;C;C;C;C;A;A;A;A;A;A;B;B;B;C;A;B;;;;;;;;;;;;;;;;;;;;;;;;;;;;;;;;
1;33;2;1;2;C;D;B;B;C;B;A;D;C;C;A;C;A;B;A;C;D;B;A;D;C;B;D;C;A;C;C;C;A;C;C;B;A;C;B;B;A;D;A;C;C;B;B;B;C;D;B;B;A;B;C;C;B;D;C;B;;;;;;;;;;;;;;;;;;;;;;;;;;;;;;;;
1;40;2;1;2;A;A;C;D;A;B;A;C;C;A;C;A;B;B;C;C;B;A;B;D;C;A;A;B;B;C;C;A;B;D;B;A;C;D;D;B;D;D;D;C;B;B;A;D;D;B;C;D;A;D;C;A;C;C;D;A;;;;;;;;;;;;;;;;;;;;;;;;;;;;;;;;
1;42;2;1;2;A;A;A;A;A;C;D;D;C;A;A;C;C;D;A;B;D;D;C;D;C;D;B;B;C;C;C;C;C;A;D;C;A;D;B;A;D;B;A;A;C;D;D;A;A;A;A;A;A;C;A;C;A;B;A;B;;;;;;;;;;;;;;;;;;;;;;;;;;;;;;;;
1;43;2;1;1;D;C;D;A;A;B;A;A;A;A;A;A;C;B;A;C;B;A;B;B;A;B;B;B;B;B;A;D;A;C;A;B;C;A;A;A;B;A;B;B;B;A;A;A;D;A;B;C;A;C;A;A;A;A;A;A;;;;;;;;;;;;;;;;;;;;;;;;;;;;;;;;
1;44;2;1;2;C;D;C;D;C;C;A;A;D;D;C;A;A;C;D;D;D;A;C;D;A;A;A;B;B;A;C;C;C;C;D;B;C;C;A;B;D;B;D;C;B;D;D;A;D;A;C;A;D;C;D;C;B;D;C;B;;;;;;;;;;;;;;;;;;;;;;;;;;;;;;;;
1;46;2;1;1;D;D;C;A;B;A;C;D;D;D;D;C;D;D;D;D;D;C;D;D;C;D;D;D;D;C;D;D;D;D;D;D;D;D;C;D;D;D;D;C;C;C;D;D;D;D;C;D;D;D;D;B;D;D;D;D;;;;;;;;;;;;;;;;;;;;;;;;;;;;;;;;
1;50;2;1;1;B;B;D;A;C;D;D;D;C;D;D;B;C;D;D;D;D;A;B;D;B;C;C;D;B;D;C;A;C;C;C;D;D;C;D;D;D;D;A;B;B;C;B;B;A;A;B;A;B;D;D;C;A;D;B;B;;;;;;;;;;;;;;;;;;;;;;;;;;;;;;;;
1;51;2;1;1;D;D;A;D;C;A;A;C;D;D;D;B;D;D;A;C;D;D;C;C;B;B;A;A;B;D;C;C;C;C;A;C;A;A;B;A;D;B;B;A;B;C;D;C;D;A;C;A;A;A;D;B;C;C;A;B;;;;;;;;;;;;;;;;;;;;;;;;;;;;;;;;
1;52;2;1;1;A;D;D;A;B;A;C;C;A;D;A;D;B;D;D;A;A;D;A;C;D;A;D;B;A;D;C;C;C;D;D;C;A;A;D;A;B;A;B;D;D;C;D;A;B;B;C;A;A;A;B;D;B;C;C;B;;;;;;;;;;;;;;;;;;;;;;;;;;;;;;;;
1;54;2;1;1;D;D;B;C;D;A;D;C;A;B;C;D;B;A;B;B;D;A;B;D;A;B;B;A;A;B;C;D;C;B;B;D;A;A;C;A;A;D;A;B;C;C;D;A;C;C;B;C;A;B;A;C;C;B;D;C;;;;;;;;;;;;;;;;;;;;;;;;;;;;;;;;
1;58;2;1;2;C;C;B;A;A;A;A;C;A;A;D;C;A;C;B;C;C;A;C;D;B;C;C;C;D;B;C;A;C;B;C;C;A;B;A;B;A;C;C;C;B;B;B;D;C;A;C;B;C;B;A;C;B;A;C;C;;;;;;;;;;;;;;;;;;;;;;;;;;;;;;;;
1;61;2;1;2;A;A;A;A;A;A;A;A;A;A;A;A;A;A;A;A;A;A;A;A;A;A;A;A;A;A;A;A;A;A;A;A;A;A;A;A;A;A;A;A;A;A;A;A;A;A;A;A;A;A;A;A;A;A;A;C;;;;;;;;;;;;;;;;;;;;;;;;;;;;;;;;
1;71;2;1;2;C;D;D;C;B;C;C;D;D;D;B;C;B;B;D;D;B;C;C;D;C;B;A;A;C;D;C;C;C;D;B;A;C;B;C;B;A;D;A;C;C;B;B;A;A;B;C;A;A;D;B;D;A;B;C;C;;;;;;;;;;;;;;;;;;;;;;;;;;;;;;;;
1;73;2;1;2;C;D;D;B;B;C;C;D;D;D;A;C;A;B;C;C;D;B;B;C;C;B;D;C;C;A;B;C;B;D;D;C;B;D;C;D;A;B;D;B;D;B;B;D;A;C;A;B;B;B;B;D;B;A;B;A;;;;;;;;;;;;;;;;;;;;;;;;;;;;;;;;
1;76;2;1;2;C;D;B;A;C;A;A;D;B;A;A;C;D;D;B;D;B;C;D;D;A;A;D;D;D;C;C;C;B;D;D;D;D;D;D;B;D;C;B;D;C;A;B;A;C;C;A;B;A;D;D;D;D;D;B;D;;;;;;;;;;;;;;;;;;;;;;;;;;;;;;;;
1;77;2;1;1;D;D;D;A;D;D;D;D;D;D;D;D;D;D;D;D;D;D;D;D;D;D;D;D;D;D;D;D;B;D;D;D;D;D;D;D;D;C;D;D;D;D;D;C;D;D;D;D;D;D;D;C;D;D;D;D;;;;;;;;;;;;;;;;;;;;;;;;;;;;;;;;
1;81;2;1;1;D;D;D;D;C;C;B;B;A;C;B;A;C;C;C;C;C;D;B;B;B;C;C;D;A;C;C;B;C;B;C;C;B;A;C;C;B;C;C;C;D;D;A;D;B;C;D;C;C;C;B;C;C;C;C;B;;;;;;;;;;;;;;;;;;;;;;;;;;;;;;;;
1;83;2;1;1;C;C;A;B;N;B;A;C;D;A;B;C;D;A;B;D;A;C;C;A;B;C;D;A;B;C;A;B;B;C;D;B;A;B;C;D;A;B;C;C;C;C;C;C;C;C;C;C;C;N;C;C;C;C;D;B;;;;;;;;;;;;;;;;;;;;;;;;;;;;;;;;
1;84;2;1;2;C;B;C;C;A;D;A;C;B;D;D;A;C;B;C;C;B;D;A;D;A;D;B;D;A;B;C;C;D;B;B;C;D;D;C;C;B;B;B;B;D;A;D;A;C;B;D;B;A;B;C;B;C;C;D;A;;;;;;;;;;;;;;;;;;;;;;;;;;;;;;;;
1;85;2;1;1;A;A;A;A;A;A;A;A;A;B;B;B;A;C;A;A;A;A;A;A;A;A;B;A;A;A;A;A;A;A;A;A;A;A;A;A;A;D;D;D;D;D;D;A;A;A;A;A;A;A;A;A;A;A;A;A;;;;;;;;;;;;;;;;;;;;;;;;;;;;;;;;
1;88;2;1;2;C;D;C;C;C;C;A;D;D;D;A;C;A;A;A;C;A;B;D;A;C;A;D;B;C;C;D;C;A;A;C;C;B;D;C;A;C;B;A;C;C;B;C;A;C;D;B;C;A;C;A;B;C;C;B;C;;;;;;;;;;;;;;;;;;;;;;;;;;;;;;;;
1;92;2;1;1;C;C;D;B;A;A;D;A;D;D;D;A;B;B;B;A;A;A;A;B;A;A;A;C;A;D;C;A;A;B;B;A;B;B;A;A;C;B;C;A;A;A;D;A;A;A;A;A;A;A;B;B;B;A;C;C;;;;;;;;;;;;;;;;;;;;;;;;;;;;;;;;
1;96;2;1;2;D;D;A;B;B;C;A;A;B;C;B;B;A;B;A;C;D;B;C;D;B;C;A;B;B;A;C;C;A;A;D;A;C;C;A;B;D;B;B;C;C;D;D;A;D;A;C;A;D;D;D;C;B;C;A;B;;;;;;;;;;;;;;;;;;;;;;;;;;;;;;;;
1;100;2;1;2;C;D;D;C;C;C;B;B;D;D;N;A;D;C;D;D;B;D;C;D;D;A;D;B;B;B;C;C;C;C;D;B;C;C;A;N;N;B;D;C;A;C;D;D;B;D;N;D;A;B;B;B;B;A;C;C;;;;;;;;;;;;;;;;;;;;;;;;;;;;;;;;
1;103;2;1;2;D;A;B;B;B;B;C;B;C;B;C;C;D;B;B;B;A;A;B;D;D;D;D;D;D;B;C;C;C;C;D;C;D;C;A;A;D;B;A;D;B;D;A;A;B;C;A;D;B;A;A;C;C;C;C;A;;;;;;;;;;;;;;;;;;;;;;;;;;;;;;;;
1;105;2;1;2;C;D;C;D;D;A;B;D;A;D;C;A;D;C;D;D;D;D;D;D;B;D;D;B;B;B;C;C;C;C;D;B;C;B;A;B;D;B;A;C;B;B;D;A;B;A;C;A;D;C;D;C;B;A;B;B;;;;;;;;;;;;;;;;;;;;;;;;;;;;;;;;
1;106;2;1;1;D;B;B;B;D;A;B;C;D;A;D;A;B;A;D;D;D;C;D;A;C;B;A;B;B;D;C;C;C;B;C;D;A;C;D;A;C;B;C;D;B;C;D;C;D;C;C;D;C;A;D;B;C;C;D;B;;;;;;;;;;;;;;;;;;;;;;;;;;;;;;;;
1;111;2;1;2;D;D;C;B;A;C;A;C;B;C;A;A;C;A;B;C;A;C;D;B;C;B;A;B;A;B;C;C;A;C;D;B;B;B;A;B;A;C;B;D;C;A;B;A;B;A;A;B;C;D;A;A;A;D;D;B;;;;;;;;;;;;;;;;;;;;;;;;;;;;;;;;
1;116;2;1;1;C;D;C;D;A;C;C;B;A;D;A;B;C;C;B;B;D;D;A;D;B;A;A;B;D;D;D;C;B;B;C;C;C;A;B;B;C;A;A;B;A;C;D;B;B;A;D;A;B;A;B;B;B;D;D;B;;;;;;;;;;;;;;;;;;;;;;;;;;;;;;;;
1;123;2;1;1;D;D;C;D;A;A;A;C;A;D;D;B;C;D;N;C;N;A;C;N;B;C;D;B;B;D;C;C;C;C;B;D;N;C;B;A;B;B;A;C;B;C;D;C;D;A;A;A;B;A;D;B;B;C;D;B;;;;;;;;;;;;;;;;;;;;;;;;;;;;;;;;
1;125;2;1;1;D;D;C;C;A;D;A;C;D;D;D;A;C;C;B;C;D;C;C;A;B;A;D;C;B;D;C;C;C;C;B;B;C;B;C;D;N;B;B;D;B;C;D;C;N;N;C;B;A;N;N;N;N;N;N;N;;;;;;;;;;;;;;;;;;;;;;;;;;;;;;;;
1;128;2;1;2;C;D;D;A;D;A;B;B;A;D;N;A;D;C;D;D;D;D;N;C;A;C;D;B;B;N;C;C;B;C;N;N;N;C;N;N;N;N;N;N;N;N;N;N;N;N;N;N;N;N;N;N;N;N;N;N;;;;;;;;;;;;;;;;;;;;;;;;;;;;;;;;
1;146;2;1;2;C;D;C;D;C;C;D;D;D;D;C;A;D;C;D;D;D;D;C;D;B;C;D;B;B;B;C;C;C;C;D;B;C;C;A;B;D;B;D;C;C;B;D;A;A;D;A;A;D;C;D;C;B;D;B;B;;;;;;;;;;;;;;;;;;;;;;;;;;;;;;;;
1;150;2;1;1;A;B;C;C;D;A;C;B;C;B;D;C;A;D;D;C;D;B;B;D;B;D;B;A;A;C;B;B;C;C;C;A;C;A;D;A;D;A;B;D;B;A;B;A;B;B;D;D;C;A;D;C;C;B;C;B;;;;;;;;;;;;;;;;;;;;;;;;;;;;;;;;
1;164;2;1;2;B;B;A;B;C;D;C;D;A;C;D;B;C;B;B;D;B;A;A;B;B;C;C;B;D;A;C;B;C;D;A;A;D;B;D;A;D;C;A;C;D;B;D;C;A;C;D;A;C;C;A;A;A;D;B;D;;;;;;;;;;;;;;;;;;;;;;;;;;;;;;;;
1;165;2;1;1;A;A;A;A;A;A;A;A;A;A;A;A;A;A;A;B;A;A;A;A;A;A;A;A;A;A;A;A;A;A;A;A;A;A;A;A;A;A;A;A;A;A;A;A;A;A;A;A;A;A;A;A;A;C;A;B;;;;;;;;;;;;;;;;;;;;;;;;;;;;;;;;
1;166;2;1;2;B;D;N;N;N;N;N;N;N;N;A;B;C;A;B;B;D;C;N;N;C;C;D;D;B;N;B;C;N;D;N;N;N;C;N;B;N;N;B;D;A;D;A;B;B;C;N;N;C;A;N;A;A;A;D;A;;;;;;;;;;;;;;;;;;;;;;;;;;;;;;;;
1;169;2;1;1;C;B;A;B;C;C;A;A;B;C;B;C;B;D;C;A;D;C;B;D;D;B;D;C;A;B;B;A;A;C;A;A;B;D;C;C;A;B;D;A;C;C;B;C;A;D;A;A;D;B;B;B;A;B;C;C;;;;;;;;;;;;;;;;;;;;;;;;;;;;;;;;
1;172;2;1;1;A;A;C;A;A;D;B;D;A;D;D;C;B;C;A;B;D;D;C;A;B;A;B;A;B;A;D;C;A;B;B;B;C;A;C;C;B;B;C;A;C;D;B;D;B;A;A;A;A;A;B;B;B;B;A;B;;;;;;;;;;;;;;;;;;;;;;;;;;;;;;;;
1;181;2;1;1;A;D;A;D;A;A;A;C;A;D;A;B;B;D;A;A;D;D;B;C;C;B;D;B;B;B;C;C;B;B;B;A;A;A;A;A;D;A;A;A;A;D;A;A;A;A;A;A;A;A;D;B;A;A;D;B;;;;;;;;;;;;;;;;;;;;;;;;;;;;;;;;
1;184;2;1;2;D;D;C;D;D;C;B;B;A;A;C;A;A;A;C;A;D;D;A;A;A;A;B;C;B;B;C;A;A;D;B;A;A;B;C;B;A;B;A;C;B;D;B;D;D;D;A;C;D;D;B;A;D;D;D;A;;;;;;;;;;;;;;;;;;;;;;;;;;;;;;;;
1;194;2;1;2;C;B;B;B;B;B;B;C;D;B;D;D;A;C;D;B;A;B;C;C;C;B;C;B;D;C;C;C;B;B;D;B;C;A;A;B;C;C;A;B;B;B;C;A;C;C;C;C;A;C;B;D;C;C;A;B;;;;;;;;;;;;;;;;;;;;;;;;;;;;;;;;
1;222;2;1;2;D;D;C;D;D;N;N;N;N;N;N;N;N;N;N;N;N;N;N;N;N;N;N;N;N;N;N;N;N;N;N;N;N;N;N;N;N;N;N;N;N;N;N;N;N;N;N;N;N;N;N;N;N;N;N;N;;;;;;;;;;;;;;;;;;;;;;;;;;;;;;;;
1;224;2;1;2;C;A;C;C;C;A;B;B;C;C;D;C;B;A;A;C;A;A;B;C;A;B;D;C;C;D;D;B;C;B;C;C;C;B;B;D;C;C;B;D;C;A;D;B;B;B;A;C;B;C;B;C;D;C;D;N;;;;;;;;;;;;;;;;;;;;;;;;;;;;;;;;
1;225;2;1;1;B;A;D;D;D;A;D;C;D;A;D;A;B;A;D;D;D;C;A;C;B;C;A;B;B;D;C;C;C;C;B;D;C;C;B;A;B;B;D;B;B;C;D;C;D;A;A;A;A;A;B;B;C;C;D;B;;;;;;;;;;;;;;;;;;;;;;;;;;;;;;;;
1;234;2;1;1;C;D;D;B;C;D;D;C;C;C;D;D;D;C;C;C;D;D;C;D;C;D;D;B;C;D;B;C;C;D;C;D;D;D;D;D;C;C;D;D;C;C;D;D;C;C;C;C;C;D;D;D;D;D;D;C;;;;;;;;;;;;;;;;;;;;;;;;;;;;;;;;
1;236;2;1;1;C;D;D;D;A;A;B;D;A;C;D;B;B;C;A;C;D;C;C;D;C;A;C;B;C;D;C;C;D;C;B;B;A;C;D;D;D;D;C;B;C;C;A;D;B;A;D;C;B;B;D;B;C;B;B;A;;;;;;;;;;;;;;;;;;;;;;;;;;;;;;;;
1;239;2;1;1;B;D;B;B;C;C;B;D;D;A;D;C;D;A;C;D;B;C;C;C;D;B;C;A;D;B;D;D;D;C;D;D;C;A;C;B;D;D;D;C;B;C;D;A;D;B;C;B;B;B;B;C;C;C;C;B;;;;;;;;;;;;;;;;;;;;;;;;;;;;;;;;
1;254;2;1;2;A;B;B;B;B;B;B;B;B;B;B;B;B;B;A;B;B;B;B;B;B;A;B;B;B;B;B;A;A;A;B;B;B;B;B;B;B;B;B;B;C;B;B;B;B;C;B;B;B;B;B;B;A;B;B;B;;;;;;;;;;;;;;;;;;;;;;;;;;;;;;;;
1;255;2;1;2;C;B;D;D;A;D;A;D;D;D;D;C;D;D;D;D;D;D;C;D;B;C;C;B;B;C;C;C;C;B;D;B;C;C;D;D;D;A;D;C;A;B;D;A;A;C;C;C;D;C;D;C;B;B;B;B;;;;;;;;;;;;;;;;;;;;;;;;;;;;;;;;
1;260;2;1;1;D;D;D;D;B;D;A;C;D;D;D;B;C;C;N;C;D;C;B;C;B;C;D;B;B;D;C;C;C;C;B;B;C;B;B;A;C;B;A;D;B;B;D;C;B;B;A;D;A;A;D;B;C;C;D;B;;;;;;;;;;;;;;;;;;;;;;;;;;;;;;;;
1;275;2;1;1;C;D;D;D;D;A;C;C;A;D;A;B;B;B;B;D;A;D;A;D;A;D;A;B;B;D;C;C;C;C;B;D;C;C;B;D;C;B;D;A;B;C;D;C;D;C;A;C;A;D;D;B;C;C;D;B;;;;;;;;;;;;;;;;;;;;;;;;;;;;;;;;
1;297;2;1;1;D;B;C;A;A;D;A;C;D;D;D;A;B;C;D;C;D;D;B;D;C;D;D;B;A;D;C;C;C;C;B;D;C;C;B;D;C;B;A;D;D;C;D;A;C;A;C;B;C;C;A;C;C;A;D;B;;;;;;;;;;;;;;;;;;;;;;;;;;;;;;;;
1;307;2;1;1;D;D;D;D;A;B;A;D;B;D;D;B;D;A;A;A;B;A;A;A;D;D;C;A;D;D;B;C;D;A;A;D;A;D;D;A;A;D;C;A;C;D;D;A;D;C;A;A;A;N;N;N;N;N;N;N;;;;;;;;;;;;;;;;;;;;;;;;;;;;;;;;
1;17;3;1;2;C;D;C;C;C;D;C;C;D;C;C;B;D;C;C;A;A;D;C;C;B;A;C;A;D;A;D;A;A;A;D;B;D;B;D;A;C;A;C;B;A;D;A;C;C;D;A;D;D;C;A;C;A;A;A;B;C;B;A;A;D;A;A;;;;;;;;;;;;;;;;;;;;;;;;;
1;18;3;1;2;D;B;B;A;A;B;C;A;C;B;C;C;D;B;C;A;A;B;C;B;C;C;B;A;C;B;A;D;B;D;C;C;C;B;A;B;A;B;B;D;A;B;C;B;A;A;A;A;B;C;B;B;A;C;A;B;D;A;B;B;A;C;A;;;;;;;;;;;;;;;;;;;;;;;;;
1;25;3;1;2;C;B;B;C;A;B;C;B;C;B;A;B;B;D;C;D;B;A;A;C;B;B;D;C;D;A;A;B;A;A;A;A;C;B;B;A;C;C;C;D;A;A;B;B;C;A;A;A;D;B;D;D;A;C;C;A;A;B;D;D;B;A;B;;;;;;;;;;;;;;;;;;;;;;;;;
1;34;3;1;1;B;B;A;A;B;C;C;C;B;B;C;B;B;B;D;B;C;B;A;C;A;C;B;B;C;C;C;A;A;C;C;B;A;B;C;C;C;C;B;B;C;B;B;C;B;C;A;C;A;B;B;D;B;C;D;A;B;C;C;C;B;D;B;;;;;;;;;;;;;;;;;;;;;;;;;
1;35;3;1;1;A;A;A;B;A;C;C;B;A;D;A;C;C;C;B;D;B;B;A;C;C;B;B;B;B;D;C;D;D;D;B;D;A;C;B;C;A;C;B;C;B;A;B;B;B;D;D;C;D;A;C;B;A;D;A;A;D;B;B;A;D;C;C;;;;;;;;;;;;;;;;;;;;;;;;;
1;38;3;1;1;B;A;D;C;B;D;C;B;A;C;D;A;A;D;C;B;D;A;B;C;C;C;C;C;C;C;D;B;D;B;C;C;B;C;B;B;C;B;C;A;B;A;A;A;D;A;C;C;D;D;C;C;C;D;D;C;C;B;B;C;C;A;C;;;;;;;;;;;;;;;;;;;;;;;;;
1;39;3;1;1;D;A;D;B;A;C;B;B;A;D;B;C;D;C;B;C;B;B;A;C;C;B;C;A;C;C;B;A;A;A;D;B;A;A;B;A;C;A;B;D;D;A;B;A;A;A;B;A;C;A;B;A;B;D;A;B;A;C;B;A;A;D;D;;;;;;;;;;;;;;;;;;;;;;;;;
1;49;3;1;1;A;C;A;A;B;C;D;C;D;A;B;C;D;B;B;C;B;D;A;D;A;B;D;C;B;A;D;A;A;A;C;B;B;A;A;B;B;A;B;D;A;B;C;C;A;D;C;C;C;B;B;D;D;C;D;D;A;B;D;A;A;B;D;;;;;;;;;;;;;;;;;;;;;;;;;
1;53;3;1;2;C;A;D;B;A;A;C;A;B;C;B;C;C;C;C;C;B;B;A;C;B;A;C;C;C;C;A;B;A;C;A;B;A;A;C;B;A;A;A;A;A;A;C;A;A;B;A;A;D;B;C;D;A;C;C;B;D;B;B;C;B;B;C;;;;;;;;;;;;;;;;;;;;;;;;;
1;55;3;1;1;C;A;A;D;A;A;C;C;C;C;A;A;B;B;A;C;A;B;B;B;D;B;C;B;B;B;C;B;D;B;B;C;B;C;D;B;B;B;C;C;B;B;B;B;A;B;D;B;C;B;C;C;C;B;B;B;B;C;D;C;C;C;B;;;;;;;;;;;;;;;;;;;;;;;;;
1;64;3;1;1;B;A;A;C;A;B;C;C;D;D;B;D;B;A;B;D;D;D;C;A;D;C;D;A;C;B;D;D;C;B;A;D;A;C;D;D;A;A;D;B;B;B;C;B;D;D;A;B;D;A;B;B;C;D;B;B;D;A;C;D;A;C;C;;;;;;;;;;;;;;;;;;;;;;;;;
1;65;3;1;1;D;A;C;C;B;C;D;C;D;B;D;C;D;A;C;C;B;B;A;B;C;A;B;B;B;B;D;A;A;A;A;A;A;B;A;B;A;A;B;A;B;A;B;A;B;B;C;C;C;A;A;B;B;D;A;A;B;D;C;B;A;B;A;;;;;;;;;;;;;;;;;;;;;;;;;
1;68;3;1;2;B;C;C;B;C;A;C;D;A;D;C;C;D;B;A;B;A;A;B;A;B;B;B;A;D;D;A;C;B;B;C;B;C;B;A;C;A;B;A;A;C;C;D;B;C;A;A;A;D;C;D;A;B;B;D;D;D;A;A;B;A;A;B;;;;;;;;;;;;;;;;;;;;;;;;;
1;69;3;1;2;B;B;C;B;C;A;A;D;C;D;D;B;C;A;C;D;A;C;D;A;B;D;C;A;C;B;B;A;A;D;B;D;A;B;D;C;B;C;A;B;A;C;A;D;C;A;A;D;D;B;B;B;B;D;A;C;B;D;C;B;A;D;C;;;;;;;;;;;;;;;;;;;;;;;;;
1;75;3;1;2;C;C;B;A;B;D;C;C;C;B;B;B;B;A;D;B;A;A;A;A;C;B;B;D;C;D;D;B;C;D;C;B;C;A;B;A;A;C;D;D;D;A;D;B;B;C;B;B;A;C;C;C;D;D;A;B;C;B;B;B;B;C;C;;;;;;;;;;;;;;;;;;;;;;;;;
1;82;3;1;1;A;C;C;A;C;B;C;C;B;C;A;B;B;B;B;C;C;C;B;B;C;B;A;D;B;C;A;C;D;B;A;D;B;C;A;C;D;B;D;B;C;B;C;D;C;B;C;D;C;C;A;D;C;D;C;C;C;D;B;D;A;A;A;;;;;;;;;;;;;;;;;;;;;;;;;
1;87;3;1;1;A;A;A;D;A;D;D;B;D;C;A;A;B;A;A;D;B;A;A;A;A;D;D;B;D;A;A;D;A;D;C;B;D;D;D;B;C;D;C;B;B;B;D;D;D;A;D;D;C;D;D;A;C;D;C;D;C;C;B;A;A;B;D;;;;;;;;;;;;;;;;;;;;;;;;;
1;93;3;1;2;B;D;C;C;A;D;C;A;C;D;B;C;C;D;C;B;A;C;A;B;B;D;D;C;C;C;A;B;D;A;A;A;C;A;C;C;A;D;C;D;A;D;C;B;C;D;A;A;D;B;A;A;A;C;C;B;C;C;B;B;B;C;C;;;;;;;;;;;;;;;;;;;;;;;;;
1;99;3;1;2;C;B;B;A;A;B;C;B;A;A;C;C;B;A;D;C;A;A;D;A;D;C;C;B;A;B;A;D;A;D;D;B;A;B;C;A;A;A;A;D;D;A;A;A;A;D;D;A;B;A;B;A;C;A;C;C;A;B;D;A;B;B;B;;;;;;;;;;;;;;;;;;;;;;;;;
1;102;3;1;2;B;A;C;B;C;C;C;C;C;B;D;B;C;C;C;A;C;A;C;C;B;C;A;B;D;C;A;B;D;B;B;C;C;D;C;D;A;B;C;A;C;A;A;D;C;B;A;A;D;B;C;B;A;C;C;B;C;A;B;D;A;C;C;;;;;;;;;;;;;;;;;;;;;;;;;
1;107;3;1;1;C;A;D;B;C;D;D;B;A;A;A;A;C;A;C;D;C;A;B;B;B;A;A;D;A;C;A;B;A;B;C;D;D;D;C;B;B;C;D;C;B;A;A;B;B;A;C;C;A;C;B;B;C;D;A;A;D;C;D;A;D;B;D;;;;;;;;;;;;;;;;;;;;;;;;;
1;110;3;1;1;C;D;B;A;A;A;D;D;A;A;A;C;C;A;A;C;D;C;A;D;B;A;A;D;C;D;A;D;A;D;B;A;A;C;A;B;C;B;B;A;B;A;A;A;D;C;B;A;B;C;A;A;C;D;A;B;B;D;C;D;B;B;D;;;;;;;;;;;;;;;;;;;;;;;;;
1;112;3;1;2;C;D;C;B;D;A;C;D;B;A;C;B;C;A;B;D;B;C;A;C;A;B;A;C;B;B;B;C;D;B;B;D;A;D;B;B;C;B;C;B;B;A;C;B;C;D;C;A;D;B;C;D;C;C;C;B;C;B;C;B;B;B;B;;;;;;;;;;;;;;;;;;;;;;;;;
1;114;3;1;2;A;B;C;B;A;C;A;A;D;B;C;D;D;A;D;C;B;D;C;D;B;C;A;C;A;A;A;C;D;D;C;A;D;A;B;C;A;A;A;B;A;D;A;B;C;A;A;A;D;D;D;D;C;D;C;A;A;B;C;A;A;A;B;;;;;;;;;;;;;;;;;;;;;;;;;
1;120;3;1;1;A;A;B;A;D;C;B;B;D;A;B;A;B;A;A;A;A;A;B;C;C;C;A;D;A;A;B;C;C;A;C;B;B;B;B;A;A;A;B;A;B;D;D;B;B;B;B;C;C;B;D;B;A;C;A;A;D;A;D;C;A;A;A;;;;;;;;;;;;;;;;;;;;;;;;;
1;121;3;1;2;C;D;C;B;B;D;A;D;C;A;B;B;C;A;C;A;B;A;B;C;B;B;D;C;D;C;A;A;C;D;C;D;C;A;A;A;C;B;C;D;A;A;A;B;C;B;A;A;D;B;C;B;A;A;C;B;D;B;C;B;B;A;B;;;;;;;;;;;;;;;;;;;;;;;;;
1;129;3;1;2;D;B;B;A;C;C;A;A;A;D;D;D;A;C;C;A;A;A;B;D;B;B;C;D;C;C;A;B;D;D;B;C;B;C;A;C;D;D;D;C;C;A;D;A;B;A;D;B;A;B;C;B;B;C;C;C;B;D;C;B;B;D;C;;;;;;;;;;;;;;;;;;;;;;;;;
1;130;3;1;1;C;A;C;A;A;C;C;A;D;C;A;C;A;A;B;B;D;C;D;B;B;D;C;C;A;C;C;A;A;B;A;A;D;A;D;B;A;A;B;A;C;B;B;C;A;C;A;C;C;A;D;A;B;D;C;A;B;C;B;A;A;A;D;;;;;;;;;;;;;;;;;;;;;;;;;
1;147;3;1;2;B;D;B;D;B;D;C;A;C;A;B;C;D;B;D;D;C;D;B;C;B;C;B;A;C;A;B;B;C;A;B;B;B;B;B;B;C;B;B;C;C;B;B;C;C;C;B;D;D;B;C;B;C;B;C;B;B;B;C;C;B;C;D;;;;;;;;;;;;;;;;;;;;;;;;;
1;148;3;1;2;B;C;C;B;B;C;A;C;B;C;C;B;C;B;B;D;B;C;A;C;B;B;A;D;A;A;D;B;A;B;C;A;B;B;B;D;B;B;A;A;C;D;C;D;C;D;A;A;D;D;B;B;A;B;C;B;C;A;B;B;C;C;A;;;;;;;;;;;;;;;;;;;;;;;;;
1;149;3;1;2;D;B;C;C;A;B;C;B;C;D;B;D;D;B;B;B;A;D;C;B;B;C;B;C;B;A;B;B;A;C;D;C;C;B;D;B;B;A;D;C;A;C;C;C;C;C;C;B;B;C;A;B;B;C;A;B;C;B;B;A;B;C;B;;;;;;;;;;;;;;;;;;;;;;;;;
1;152;3;1;2;B;D;A;C;C;B;C;A;B;D;C;B;A;B;D;B;A;A;C;A;B;A;D;D;A;A;B;B;C;D;A;B;C;D;B;B;B;A;D;A;A;A;D;C;C;D;A;A;D;C;D;A;A;C;A;C;B;C;A;B;D;A;C;;;;;;;;;;;;;;;;;;;;;;;;;
1;156;3;1;1;B;B;C;A;D;A;C;C;D;D;C;A;C;D;C;D;D;B;B;C;B;C;C;B;B;A;B;D;C;D;C;B;A;B;C;B;C;C;B;C;C;C;C;A;B;B;C;C;C;C;C;D;B;D;A;A;A;C;B;C;A;B;D;;;;;;;;;;;;;;;;;;;;;;;;;
1;157;3;1;1;C;D;A;B;A;C;D;D;A;A;D;A;D;A;B;A;D;C;B;D;C;A;A;D;A;C;B;D;A;A;C;A;D;D;D;B;B;B;A;B;B;C;A;B;D;B;B;A;C;A;D;C;B;A;C;A;B;C;B;D;A;B;B;;;;;;;;;;;;;;;;;;;;;;;;;
1;159;3;1;2;A;B;B;B;B;A;B;B;B;A;A;C;B;B;B;B;B;D;B;A;A;A;A;A;D;B;C;B;B;D;B;A;A;A;A;D;C;D;C;C;C;D;A;A;A;A;B;D;D;A;D;D;C;C;A;B;C;C;B;C;B;A;C;;;;;;;;;;;;;;;;;;;;;;;;;
1;163;3;1;2;D;B;C;A;B;A;A;B;D;C;C;D;D;A;D;D;C;A;B;A;A;B;C;D;C;D;B;B;B;D;D;A;C;A;B;A;B;A;C;D;C;D;C;D;D;C;D;A;D;B;D;B;B;C;A;B;C;A;B;D;D;A;C;;;;;;;;;;;;;;;;;;;;;;;;;
1;167;3;1;2;A;A;B;A;A;C;B;B;B;D;D;B;D;B;A;B;D;D;C;A;B;D;C;D;B;D;A;B;C;D;A;D;B;D;D;C;C;D;A;C;A;A;D;B;C;B;B;A;D;C;B;A;C;D;D;B;A;D;A;B;A;B;A;;;;;;;;;;;;;;;;;;;;;;;;;
1;168;3;1;2;D;A;C;A;A;A;A;C;D;A;C;D;C;A;C;D;A;A;D;A;B;A;D;A;A;C;C;C;A;B;B;A;A;D;A;A;A;A;C;A;A;A;D;A;C;B;A;B;D;C;A;C;B;B;A;D;C;B;A;D;D;B;D;;;;;;;;;;;;;;;;;;;;;;;;;
1;175;3;1;1;A;A;A;A;A;B;C;B;D;B;C;C;D;A;A;C;D;C;D;A;C;B;B;B;C;C;B;A;B;A;C;D;A;A;A;C;B;A;B;C;B;B;A;A;B;B;B;C;C;B;B;D;B;D;A;B;A;D;B;A;D;A;A;;;;;;;;;;;;;;;;;;;;;;;;;
1;177;3;1;1;A;B;B;A;A;C;A;B;D;D;B;C;C;A;A;B;C;D;B;A;A;C;A;A;B;A;A;A;B;D;A;A;B;B;B;A;B;A;A;C;A;A;A;C;A;B;A;C;A;B;A;B;B;A;A;A;B;B;A;B;D;B;C;;;;;;;;;;;;;;;;;;;;;;;;;
1;186;3;1;1;B;B;D;C;B;D;C;C;B;C;B;A;D;B;B;B;B;C;A;C;C;B;C;B;C;C;B;A;B;B;C;B;A;D;A;B;B;A;A;C;B;A;A;B;B;A;B;A;C;C;B;B;B;C;D;B;B;A;C;C;B;C;C;;;;;;;;;;;;;;;;;;;;;;;;;
1;212;3;1;2;B;A;D;B;A;D;A;D;B;C;D;D;B;A;A;C;A;D;A;C;D;C;D;A;C;C;A;B;B;C;D;A;D;B;A;D;A;B;A;A;B;B;D;D;B;B;B;B;D;B;A;A;B;B;B;A;C;A;A;B;B;A;A;;;;;;;;;;;;;;;;;;;;;;;;;
1;213;3;1;1;C;D;A;C;A;B;C;C;A;A;B;A;D;B;C;C;B;A;A;B;C;A;B;B;A;A;D;C;C;A;B;C;A;D;A;D;B;B;A;A;B;B;A;C;D;B;B;A;C;C;D;D;C;D;A;A;B;C;D;B;A;A;D;;;;;;;;;;;;;;;;;;;;;;;;;
1;214;3;1;2;B;D;C;C;A;D;A;B;D;A;D;D;C;A;D;D;D;D;A;D;B;B;B;A;A;A;B;D;A;A;C;D;C;A;C;A;C;A;A;A;B;D;C;D;C;A;C;D;A;A;D;B;C;B;D;A;A;D;A;C;A;B;A;;;;;;;;;;;;;;;;;;;;;;;;;
1;223;3;1;2;A;B;C;B;A;C;B;D;C;A;C;C;A;A;B;C;C;B;A;C;A;D;B;A;A;C;C;C;D;C;D;B;B;B;A;A;A;A;A;A;D;A;C;A;A;A;A;A;B;A;C;A;A;C;C;D;B;A;C;C;A;A;A;;;;;;;;;;;;;;;;;;;;;;;;;
1;227;3;1;1;B;A;A;C;C;C;A;C;A;A;B;A;D;B;B;C;D;C;A;D;C;A;C;B;D;B;C;A;B;A;A;B;A;B;A;B;C;A;B;A;D;C;A;A;B;A;C;C;C;B;C;D;B;D;A;C;D;C;A;C;C;A;B;;;;;;;;;;;;;;;;;;;;;;;;;
1;237;3;1;1;C;C;B;D;B;C;C;A;C;D;C;D;C;A;C;C;D;B;B;A;D;C;D;C;C;D;C;B;B;D;D;C;D;D;C;C;B;B;B;D;B;C;A;B;B;B;C;A;A;B;C;C;D;D;C;C;D;C;B;A;D;D;B;;;;;;;;;;;;;;;;;;;;;;;;;
1;241;3;1;1;A;C;A;D;D;D;D;C;D;A;B;D;C;A;B;B;D;B;C;D;A;D;B;A;B;A;C;B;B;B;D;B;B;B;D;C;B;C;B;B;C;D;A;C;A;C;A;B;C;C;C;D;A;D;C;C;C;A;A;B;B;A;B;;;;;;;;;;;;;;;;;;;;;;;;;
1;247;3;1;1;C;C;D;C;B;C;C;C;D;B;C;D;A;C;B;C;B;A;A;B;D;D;B;D;B;B;B;C;A;D;A;D;C;B;D;A;B;D;B;B;A;B;B;B;D;B;C;C;D;A;B;D;D;D;A;B;C;C;D;B;C;A;C;;;;;;;;;;;;;;;;;;;;;;;;;
1;248;3;1;2;A;B;A;C;B;A;D;C;B;C;D;D;D;C;D;C;D;B;A;D;B;B;B;D;C;C;D;A;C;A;C;A;C;D;C;D;D;B;A;A;A;A;C;A;B;B;C;A;B;C;A;B;C;C;D;C;C;C;C;B;B;C;C;;;;;;;;;;;;;;;;;;;;;;;;;
1;250;3;1;2;B;D;B;B;C;C;B;A;C;C;C;B;C;D;B;C;A;C;B;B;C;C;B;C;D;B;A;B;B;C;A;B;C;B;C;B;D;A;C;C;D;A;C;D;C;B;D;B;D;D;A;B;C;D;C;C;D;C;B;D;C;C;B;;;;;;;;;;;;;;;;;;;;;;;;;
1;251;3;1;1;B;D;A;B;B;D;C;C;D;C;B;D;C;C;A;D;D;B;C;C;B;B;B;D;A;D;D;D;D;A;B;D;B;D;A;D;A;A;B;C;A;A;B;A;B;B;C;D;B;C;A;A;C;A;D;B;A;D;C;A;D;B;C;;;;;;;;;;;;;;;;;;;;;;;;;
1;252;3;1;1;B;B;C;D;D;C;C;B;A;B;D;A;D;A;B;C;D;C;A;A;B;A;D;C;A;A;B;D;B;A;A;B;B;B;C;B;B;D;B;A;A;A;A;A;B;A;A;A;A;A;A;A;D;D;A;A;A;C;B;C;A;B;B;;;;;;;;;;;;;;;;;;;;;;;;;
1;253;3;1;1;B;A;A;C;A;C;C;D;D;B;B;N;C;B;B;N;C;C;A;B;C;B;D;B;D;N;B;C;B;D;A;D;A;B;A;C;B;C;B;N;B;A;C;D;B;C;B;C;C;C;N;N;B;B;A;A;N;A;B;C;A;B;B;;;;;;;;;;;;;;;;;;;;;;;;;
1;256;3;1;1;A;A;D;A;D;C;B;B;B;B;D;A;D;A;B;B;B;C;A;B;C;A;D;A;D;A;C;A;A;D;C;B;D;B;C;B;C;A;B;C;D;B;D;C;B;C;B;C;C;A;C;A;B;D;A;A;B;A;B;D;A;C;A;;;;;;;;;;;;;;;;;;;;;;;;;
1;284;3;1;2;B;B;D;A;A;C;A;A;D;D;C;A;D;C;D;D;A;D;A;D;B;A;C;B;A;D;B;A;A;D;B;D;A;D;A;C;A;B;B;D;C;A;B;B;C;B;D;C;B;C;A;D;C;C;D;A;C;C;B;C;A;A;C;;;;;;;;;;;;;;;;;;;;;;;;;
1;296;3;1;1;C;B;C;C;D;C;B;D;D;D;D;C;D;B;C;A;C;B;A;C;C;B;B;B;D;B;C;D;D;D;B;D;A;C;C;B;A;D;A;A;C;B;A;A;B;C;A;C;C;C;A;A;D;A;A;A;D;C;D;A;B;B;D;;;;;;;;;;;;;;;;;;;;;;;;;
1;299;3;1;2;N;N;N;N;N;N;A;N;N;N;N;N;C;N;N;N;N;N;N;N;B;B;A;C;A;C;A;A;A;A;A;C;A;D;C;A;C;A;C;A;B;A;C;A;C;B;A;A;D;C;B;B;N;N;N;N;N;N;N;N;N;N;N;;;;;;;;;;;;;;;;;;;;;;;;;
1;301;3;1;2;C;C;B;B;B;D;C;C;C;C;B;B;C;C;A;B;A;C;C;C;B;C;C;A;A;C;A;C;B;A;C;A;C;C;B;C;C;C;C;D;A;A;A;D;C;A;A;A;D;B;B;C;B;C;C;A;B;B;A;B;A;B;B;;;;;;;;;;;;;;;;;;;;;;;;;
1;15;4;1;1;D;B;C;C;A;D;B;A;D;C;C;C;C;C;B;A;C;D;D;D;C;A;C;D;D;A;C;A;B;B;B;C;B;D;C;A;A;A;C;A;D;A;A;B;A;C;D;C;B;B;B;B;C;D;B;A;C;C;D;A;C;A;D;B;B;B;C;C;B;;;;;;;;;;;;;;;;;;;
1;16;4;1;2;B;B;B;B;C;B;C;B;C;D;B;B;A;D;A;B;D;A;C;C;A;C;C;D;B;B;A;C;B;B;C;D;A;C;C;C;B;D;D;C;A;B;B;B;B;D;D;C;A;B;C;C;C;D;B;A;A;B;A;B;C;C;B;B;C;B;C;A;A;;;;;;;;;;;;;;;;;;;
1;19;4;1;2;A;D;B;C;A;A;B;D;D;C;C;C;D;B;B;D;C;D;C;C;B;A;C;A;B;B;A;C;B;C;A;A;B;D;C;B;B;A;A;D;D;B;D;C;D;A;C;D;A;D;B;D;C;A;C;C;B;B;A;D;A;B;D;D;D;C;B;D;C;;;;;;;;;;;;;;;;;;;
1;27;4;1;1;D;B;D;C;C;B;D;C;D;B;B;C;C;B;B;A;C;C;D;A;C;A;C;B;C;A;D;D;B;A;A;B;B;D;B;A;B;C;C;B;B;D;D;C;A;B;B;D;A;D;A;C;C;D;B;A;A;B;D;C;C;D;D;A;A;B;A;C;A;;;;;;;;;;;;;;;;;;;
1;28;4;1;2;B;B;A;D;B;B;A;C;B;A;B;B;B;C;D;C;C;A;D;A;B;D;D;A;B;A;C;B;C;C;C;B;B;D;B;C;C;A;B;D;D;C;C;D;D;A;A;B;C;B;C;B;C;B;C;B;D;A;A;D;A;D;D;C;C;C;C;C;C;;;;;;;;;;;;;;;;;;;
1;29;4;1;1;D;B;C;D;C;A;C;A;D;B;C;D;C;A;C;C;C;D;A;C;D;A;A;B;D;B;D;D;B;D;D;A;A;C;D;B;B;A;D;C;B;B;D;C;A;A;B;B;B;D;D;C;A;A;A;B;B;A;B;D;B;D;A;C;D;B;D;B;B;;;;;;;;;;;;;;;;;;;
1;31;4;1;2;A;C;B;B;A;D;A;B;C;B;D;A;D;B;A;B;C;B;C;A;B;B;B;D;B;A;D;A;C;B;C;C;A;C;C;B;B;C;D;B;C;A;C;B;D;D;B;B;B;B;A;D;C;B;C;C;B;A;A;D;A;B;C;D;C;C;A;A;D;;;;;;;;;;;;;;;;;;;
1;36;4;1;2;A;B;B;D;D;C;B;D;C;C;C;C;B;D;C;D;B;B;C;D;B;C;C;B;B;A;B;D;B;C;D;A;B;A;B;A;C;C;C;D;C;A;A;C;B;C;B;C;B;B;B;D;D;A;D;A;B;C;A;C;A;B;A;D;D;C;D;B;C;;;;;;;;;;;;;;;;;;;
1;41;4;1;2;B;A;D;A;A;B;A;B;A;D;A;B;A;C;C;D;D;C;C;A;C;B;B;A;B;A;B;A;B;A;B;A;A;A;C;D;A;D;D;B;A;A;C;B;A;D;A;D;A;A;A;D;B;A;D;C;A;A;A;A;C;A;A;C;D;D;A;C;C;;;;;;;;;;;;;;;;;;;
1;45;4;1;1;C;C;B;B;C;A;B;C;C;C;C;B;C;A;D;C;A;B;A;A;B;B;C;D;C;D;B;C;A;D;B;A;D;B;B;A;B;C;A;A;B;D;B;B;C;B;C;A;B;C;D;B;A;B;B;B;A;A;A;A;C;B;C;B;C;B;B;C;B;;;;;;;;;;;;;;;;;;;
1;47;4;1;2;A;B;C;D;B;A;B;C;A;B;B;A;C;C;C;C;C;D;C;B;D;C;D;A;A;B;C;B;B;C;C;C;A;C;C;C;B;D;C;C;C;B;B;B;B;B;C;D;C;D;C;B;A;C;A;C;C;B;C;C;D;C;B;D;B;B;B;A;B;;;;;;;;;;;;;;;;;;;
1;56;4;1;1;A;B;B;D;B;B;D;D;C;B;B;A;B;C;B;A;D;D;D;C;D;B;C;D;B;B;C;A;B;D;A;A;B;D;B;B;A;A;D;C;D;D;D;B;A;B;B;A;D;A;D;A;A;C;A;A;C;A;D;A;C;D;B;B;C;C;A;A;A;;;;;;;;;;;;;;;;;;;
1;57;4;1;2;A;B;B;B;B;B;A;B;B;B;A;B;A;C;B;B;B;B;D;C;B;D;C;A;C;B;A;C;C;A;D;A;B;D;D;C;A;B;D;B;A;D;D;B;B;B;C;D;B;D;D;D;A;A;B;B;A;B;A;C;A;A;D;D;B;D;B;C;C;;;;;;;;;;;;;;;;;;;
1;59;4;1;2;A;A;C;D;A;B;D;B;B;D;B;A;D;C;A;D;C;D;A;A;B;C;A;A;B;B;A;C;C;D;B;A;B;A;B;D;A;A;A;A;C;A;D;B;A;C;C;B;B;B;A;A;A;C;D;A;C;C;A;A;B;D;D;A;A;C;C;B;A;;;;;;;;;;;;;;;;;;;
1;60;4;1;1;D;B;C;C;C;A;B;B;D;D;A;B;A;D;B;B;C;A;D;C;A;A;C;D;B;B;B;B;B;D;A;A;B;A;D;A;A;A;B;B;C;C;D;C;C;B;B;D;C;C;D;B;A;D;A;A;B;B;C;C;C;D;B;B;B;B;A;C;C;;;;;;;;;;;;;;;;;;;
1;62;4;1;2;B;C;D;A;A;B;D;B;C;C;A;B;C;C;B;D;C;C;A;B;B;B;A;B;C;B;C;C;C;C;B;A;A;C;B;B;D;B;D;B;D;A;D;C;C;C;C;C;B;D;B;B;C;C;C;D;C;C;C;C;A;C;B;C;A;A;B;D;B;;;;;;;;;;;;;;;;;;;
1;63;4;1;1;B;B;C;C;A;C;B;B;A;C;C;B;B;C;C;D;B;D;C;C;C;C;C;B;B;A;C;C;A;A;A;C;B;A;B;B;C;C;D;B;C;B;D;B;B;A;D;B;D;B;B;B;A;A;A;A;C;B;B;B;C;C;C;A;B;D;A;C;A;;;;;;;;;;;;;;;;;;;
1;66;4;1;1;A;B;B;C;D;B;B;A;D;C;B;A;C;C;C;B;B;B;C;A;B;A;B;A;D;B;B;D;A;B;A;A;B;D;B;B;B;C;C;C;C;B;D;D;A;A;B;A;B;A;B;D;B;D;A;A;B;B;B;B;C;D;A;A;A;B;A;B;A;;;;;;;;;;;;;;;;;;;
1;70;4;1;2;A;C;D;B;C;D;A;D;C;B;C;A;D;D;B;A;D;A;C;C;B;D;C;D;A;B;A;C;B;B;A;C;B;A;D;D;C;A;D;B;B;B;C;C;C;C;D;B;C;A;D;C;C;C;C;B;B;A;A;C;B;D;B;D;C;C;D;C;C;;;;;;;;;;;;;;;;;;;
1;78;4;1;2;A;B;A;C;A;B;C;C;D;C;A;C;B;D;B;B;A;B;D;A;B;D;D;B;B;B;D;A;C;B;C;B;B;A;B;B;B;A;D;A;D;B;A;C;D;B;A;D;B;B;D;D;C;A;C;A;B;A;A;D;B;C;D;D;C;C;B;A;C;;;;;;;;;;;;;;;;;;;
1;79;4;1;1;C;C;B;C;C;D;B;C;B;A;C;D;C;C;B;D;D;D;D;C;D;B;D;C;A;D;B;C;B;A;B;C;B;A;C;B;D;D;C;C;B;B;B;D;D;A;C;B;D;B;B;A;D;C;D;C;B;D;B;B;D;C;A;A;B;B;C;C;A;;;;;;;;;;;;;;;;;;;
1;80;4;1;2;D;B;C;D;C;C;A;B;B;C;A;C;B;B;B;B;C;B;D;C;B;D;B;A;B;A;B;B;C;C;B;B;B;D;B;A;D;C;A;D;D;B;D;C;C;A;A;D;A;A;A;B;B;D;C;A;A;B;A;A;B;D;A;D;D;D;B;A;C;;;;;;;;;;;;;;;;;;;
1;86;4;1;1;A;B;C;B;D;B;D;B;D;A;C;B;D;B;B;A;C;B;A;C;A;A;C;D;D;B;B;A;D;A;B;A;B;C;A;B;C;B;B;C;D;C;D;B;D;A;A;C;D;D;D;B;A;A;C;A;B;B;D;C;D;D;D;D;A;D;A;C;D;;;;;;;;;;;;;;;;;;;
1;89;4;1;1;A;C;A;C;C;A;B;C;D;C;A;A;B;D;B;A;D;B;D;D;D;A;B;B;C;C;C;D;A;D;B;C;A;A;D;B;C;C;A;D;B;C;B;B;C;A;A;B;B;A;D;D;B;D;A;A;A;C;D;C;D;C;B;D;B;B;A;C;B;;;;;;;;;;;;;;;;;;;
1;90;4;1;2;D;A;C;D;D;A;B;C;D;C;B;B;D;A;C;C;B;C;D;D;B;D;B;A;D;C;C;B;B;C;C;B;A;A;B;B;A;A;B;B;D;A;D;C;C;B;C;C;B;A;A;C;A;C;B;C;B;A;A;A;A;A;D;D;A;A;B;B;C;;;;;;;;;;;;;;;;;;;
1;91;4;1;1;B;C;D;C;D;B;B;B;C;D;C;D;C;D;A;A;A;B;D;C;C;A;B;C;B;C;B;D;A;B;C;A;C;C;A;A;C;C;B;C;A;C;C;C;A;B;D;C;A;C;A;B;A;A;A;B;B;D;B;A;D;D;D;B;A;B;D;C;C;;;;;;;;;;;;;;;;;;;
1;94;4;1;2;A;A;D;D;C;C;A;B;D;B;C;D;A;C;C;C;A;B;A;A;B;A;D;A;B;A;A;B;C;D;B;D;A;A;A;D;A;D;A;A;C;A;B;B;A;A;A;B;A;C;B;C;C;A;A;A;D;B;A;D;C;B;A;A;C;C;D;D;D;;;;;;;;;;;;;;;;;;;
1;95;4;1;1;D;B;B;D;C;C;D;C;D;D;C;B;D;C;B;A;C;D;A;C;C;C;C;A;D;A;D;B;B;B;C;A;B;A;B;B;D;C;C;B;C;B;D;C;D;A;B;A;C;D;D;B;A;B;A;A;A;C;B;C;C;D;D;D;A;D;C;C;A;;;;;;;;;;;;;;;;;;;
1;98;4;1;1;D;B;B;C;B;C;C;B;D;B;D;A;B;C;B;C;A;C;A;B;D;A;B;D;D;B;B;D;C;D;A;D;A;A;A;B;B;A;B;B;A;D;B;B;C;B;A;C;C;D;C;A;B;D;C;A;C;A;C;A;C;D;D;D;B;B;C;A;D;;;;;;;;;;;;;;;;;;;
1;101;4;1;2;A;C;C;A;D;C;A;B;A;B;B;C;A;A;B;D;A;C;A;A;B;D;C;C;B;B;B;C;C;C;B;B;B;D;D;B;A;C;B;B;D;A;B;C;D;A;A;C;C;B;C;D;C;A;C;D;C;C;A;C;B;C;D;D;A;C;B;A;C;;;;;;;;;;;;;;;;;;;
1;104;4;1;1;D;B;A;A;B;A;B;C;B;D;A;B;D;A;A;A;D;D;D;C;B;A;C;D;B;C;C;A;A;B;A;A;B;A;B;A;A;B;D;B;A;A;B;C;A;A;B;A;C;C;A;C;C;C;A;B;C;A;D;B;C;D;A;D;A;D;A;D;B;;;;;;;;;;;;;;;;;;;
1;109;4;1;1;A;B;B;A;C;C;D;D;B;D;D;C;C;B;B;A;C;D;D;C;A;A;B;D;D;A;A;C;D;A;A;B;B;C;B;A;C;B;A;C;C;B;C;C;C;B;C;D;A;D;D;C;A;B;A;B;A;A;B;A;C;D;A;A;D;C;A;D;B;;;;;;;;;;;;;;;;;;;
1;113;4;1;1;D;B;D;C;C;A;C;B;A;C;C;C;D;C;A;A;D;C;D;B;A;C;C;B;B;C;A;C;B;B;A;D;D;A;A;B;A;B;C;C;B;A;D;B;B;A;B;C;D;A;B;A;D;A;C;A;C;B;C;A;D;B;A;D;D;C;A;A;A;;;;;;;;;;;;;;;;;;;
1;115;4;1;2;A;C;C;D;A;C;A;B;A;D;B;B;A;A;B;C;A;A;D;A;C;C;A;D;A;C;A;B;C;B;B;A;B;A;A;B;A;A;D;D;B;D;C;D;B;C;A;C;C;B;A;D;C;A;A;C;C;A;A;D;C;C;A;D;A;D;B;B;A;;;;;;;;;;;;;;;;;;;
1;117;4;1;1;C;B;B;A;C;C;A;D;D;B;C;A;D;B;B;C;C;A;D;C;B;A;A;D;B;C;A;B;A;B;D;A;A;C;A;A;C;D;C;C;B;C;D;D;C;A;A;C;A;B;D;C;A;B;C;A;C;B;D;C;C;D;A;B;A;B;A;B;A;;;;;;;;;;;;;;;;;;;
1;118;4;1;2;C;D;C;D;D;B;A;D;D;C;C;B;D;A;C;B;A;B;C;B;B;D;D;A;D;C;A;A;D;B;B;A;B;A;A;B;A;A;D;D;D;D;D;D;D;A;C;C;B;A;D;B;A;B;C;A;C;A;A;D;D;A;D;B;C;A;C;C;C;;;;;;;;;;;;;;;;;;;
1;119;4;1;1;D;C;C;B;C;A;C;C;A;B;B;D;A;B;B;A;D;C;D;B;C;A;C;D;B;B;D;A;D;D;B;B;B;A;C;A;C;C;B;B;D;A;D;D;C;A;B;D;A;D;D;C;A;D;C;D;C;D;A;C;A;C;D;B;B;C;A;D;A;;;;;;;;;;;;;;;;;;;
1;122;4;1;2;B;C;B;B;D;A;D;B;A;D;B;B;D;C;D;B;C;C;D;A;B;B;D;A;C;B;B;A;C;B;C;B;B;D;B;B;D;A;A;D;C;D;A;C;C;D;A;B;B;D;A;D;C;C;C;C;C;C;C;D;A;C;A;A;C;D;A;A;A;;;;;;;;;;;;;;;;;;;
1;126;4;1;2;D;B;C;C;C;C;A;A;C;C;D;C;D;D;B;C;B;C;C;C;B;D;C;B;D;B;C;A;C;B;D;B;B;A;B;B;A;A;D;B;B;A;B;C;C;B;C;D;B;C;D;D;C;A;A;B;A;A;B;D;A;C;A;D;C;D;A;A;C;;;;;;;;;;;;;;;;;;;
1;127;4;1;1;A;C;A;B;B;D;D;A;C;B;C;C;B;C;B;B;C;A;B;C;C;A;D;A;C;B;A;D;D;D;D;A;B;C;A;A;A;B;B;C;B;D;D;D;C;C;D;C;B;C;C;B;A;A;B;A;C;B;A;C;A;D;D;B;A;C;A;D;B;;;;;;;;;;;;;;;;;;;
1;133;4;1;1;D;B;A;B;C;C;B;B;C;A;C;D;C;D;B;A;D;B;B;D;C;C;C;B;C;B;A;B;B;D;A;B;B;D;B;B;B;B;N;C;B;B;C;D;A;C;C;D;D;D;D;C;B;B;A;A;C;D;B;C;C;D;C;N;D;C;C;B;C;;;;;;;;;;;;;;;;;;;
1;136;4;1;2;C;B;B;B;B;B;C;C;B;C;B;A;D;C;D;C;A;B;A;C;A;D;D;A;D;A;B;D;B;B;D;C;A;D;C;B;A;A;C;A;D;C;D;B;D;C;A;C;A;B;D;D;C;B;B;B;A;C;B;A;B;C;A;D;B;D;B;A;C;;;;;;;;;;;;;;;;;;;
1;137;4;1;1;D;B;D;C;C;C;A;C;D;B;C;A;B;A;B;D;D;A;D;C;C;B;C;A;C;B;C;D;A;B;B;A;D;C;D;B;C;D;B;C;C;D;B;C;C;A;C;B;D;B;D;B;B;C;D;A;A;D;B;C;A;D;D;B;B;D;C;C;C;;;;;;;;;;;;;;;;;;;
1;138;4;1;2;A;B;A;D;D;B;C;C;C;C;C;A;B;D;C;B;B;C;B;A;B;C;C;B;B;C;D;D;C;A;A;D;B;D;D;B;B;B;C;D;A;B;C;C;C;C;D;D;B;B;D;B;C;B;C;C;B;B;D;D;A;B;A;D;C;C;B;C;D;;;;;;;;;;;;;;;;;;;
1;141;4;1;2;A;B;C;A;C;C;B;B;B;D;C;B;D;D;B;D;B;C;C;D;B;D;A;D;B;B;A;C;C;A;B;A;B;A;C;D;D;B;A;B;B;B;D;C;A;C;A;D;B;A;C;D;C;C;B;D;C;A;A;B;A;D;B;A;D;C;D;B;D;;;;;;;;;;;;;;;;;;;
1;142;4;1;1;D;B;C;B;C;C;B;A;D;B;B;C;C;A;B;D;C;A;D;A;B;B;C;D;B;D;B;D;B;B;A;A;A;D;D;B;B;A;C;B;A;D;D;C;A;A;B;D;A;D;D;D;A;D;A;A;B;C;B;A;C;D;D;A;C;A;D;B;C;;;;;;;;;;;;;;;;;;;
1;144;4;1;1;D;B;A;C;A;A;B;B;B;C;B;B;A;C;B;D;A;A;A;B;A;B;C;C;B;C;A;A;D;D;B;A;B;C;C;A;C;A;C;C;C;C;A;B;A;C;C;B;C;C;D;A;C;B;B;A;B;A;C;A;A;B;D;C;B;C;C;A;C;;;;;;;;;;;;;;;;;;;
1;151;4;1;2;B;A;C;C;A;C;D;C;C;D;C;C;B;B;D;B;B;C;B;C;B;B;C;A;B;B;A;D;B;A;B;C;B;B;C;C;A;B;C;C;D;A;D;B;D;A;C;B;D;B;A;D;C;C;B;B;B;A;C;D;D;C;D;C;A;A;B;C;B;;;;;;;;;;;;;;;;;;;
1;153;4;1;1;D;B;B;A;B;A;C;D;D;A;C;A;D;B;B;B;C;A;D;C;C;A;D;A;B;A;B;D;C;A;B;A;C;D;D;A;A;B;B;C;A;C;C;D;D;B;A;A;B;D;D;C;C;C;D;A;A;B;C;A;B;D;A;C;D;B;A;C;A;;;;;;;;;;;;;;;;;;;
1;154;4;1;1;B;B;C;B;B;A;A;D;A;D;A;B;A;B;A;A;A;D;D;B;A;A;C;D;B;C;B;B;A;B;A;A;B;B;B;A;D;B;C;C;B;B;B;B;D;B;B;A;D;A;B;C;B;A;A;A;C;A;C;A;B;D;D;D;A;B;C;A;A;;;;;;;;;;;;;;;;;;;
1;158;4;1;2;B;B;B;D;D;B;D;B;C;D;D;C;D;B;C;D;C;D;A;B;B;D;B;B;C;B;B;C;C;B;B;A;B;D;B;B;C;A;B;B;D;B;D;B;C;A;A;B;B;B;A;D;C;C;D;C;C;A;A;D;A;B;B;D;D;D;B;D;C;;;;;;;;;;;;;;;;;;;
1;160;4;1;1;D;B;B;A;D;C;D;C;B;D;C;D;D;C;B;D;B;D;D;B;B;B;C;D;B;B;A;D;B;B;A;C;B;A;B;A;C;D;D;C;C;A;D;B;B;B;B;D;A;D;D;B;A;D;A;A;B;C;D;C;C;D;A;B;D;B;A;B;B;;;;;;;;;;;;;;;;;;;
1;161;4;1;2;D;A;C;D;D;B;C;C;A;C;D;C;C;A;D;C;B;B;B;B;B;A;B;A;D;A;A;C;C;A;C;C;B;A;D;B;B;A;A;B;A;B;C;C;A;B;A;B;B;B;C;D;C;B;B;B;B;A;A;B;D;C;D;B;B;D;B;B;C;;;;;;;;;;;;;;;;;;;
1;162;4;1;1;B;B;A;C;C;D;C;D;A;B;C;A;C;D;B;D;C;D;A;C;C;A;C;B;B;A;B;B;D;D;C;N;B;D;D;B;B;D;A;C;C;C;C;C;A;A;B;A;A;B;D;C;A;B;C;D;A;D;B;D;C;A;C;B;C;B;A;A;A;;;;;;;;;;;;;;;;;;;
1;171;4;1;1;D;B;A;N;D;A;A;D;A;N;C;D;C;A;B;D;C;A;D;B;B;C;C;C;B;B;D;C;A;D;C;C;C;A;C;A;B;B;C;B;C;C;D;B;B;B;D;C;D;B;D;B;B;C;B;C;C;B;B;C;B;B;D;C;C;B;D;C;B;;;;;;;;;;;;;;;;;;;
1;173;4;1;2;A;A;C;D;A;A;C;B;B;D;B;C;D;A;A;A;C;B;A;C;D;D;D;A;D;B;D;B;D;C;C;C;B;D;A;D;C;C;C;B;B;C;C;A;A;B;A;C;A;C;C;C;D;C;C;B;D;B;B;C;C;A;A;C;D;D;C;C;D;;;;;;;;;;;;;;;;;;;
1;176;4;1;1;D;C;C;C;D;C;D;A;A;C;A;C;B;A;B;D;C;C;D;C;D;A;C;D;A;D;B;C;D;C;A;B;D;B;C;A;A;C;B;B;C;B;D;C;D;A;D;B;C;D;D;A;C;C;C;A;A;C;D;D;A;A;D;B;D;B;D;A;B;;;;;;;;;;;;;;;;;;;
1;179;4;1;1;A;D;A;D;C;C;A;B;A;D;B;B;C;A;B;A;B;D;B;C;D;B;C;D;D;B;D;D;C;A;D;B;D;A;D;A;D;D;B;C;B;A;D;B;C;A;C;D;D;A;A;C;B;C;A;A;A;B;A;A;A;B;A;C;D;C;A;D;A;;;;;;;;;;;;;;;;;;;
1;180;4;1;1;D;D;A;A;D;A;C;D;A;B;A;A;B;C;A;A;A;D;D;C;D;A;C;D;B;A;B;D;B;A;A;D;B;C;A;A;A;B;A;C;D;D;A;B;B;B;B;B;B;D;D;B;A;A;D;A;A;A;D;A;B;B;A;A;B;D;C;C;A;;;;;;;;;;;;;;;;;;;
1;185;4;1;2;A;B;C;D;B;A;A;A;B;A;D;C;B;C;B;C;D;C;B;B;C;D;D;B;B;B;D;A;B;C;D;B;B;B;D;C;A;B;B;C;C;B;D;D;C;A;A;B;B;D;D;B;A;B;D;C;C;B;C;D;A;C;A;C;A;D;B;A;C;;;;;;;;;;;;;;;;;;;
1;192;4;1;2;A;B;C;C;A;D;C;C;C;D;A;B;D;D;C;A;B;C;B;A;C;A;B;A;B;B;A;A;C;C;D;C;B;C;A;C;C;A;D;B;B;B;D;B;D;C;A;C;B;D;D;A;D;B;B;D;B;D;C;D;A;B;D;D;C;C;D;A;C;;;;;;;;;;;;;;;;;;;
1;221;4;1;1;A;D;D;D;D;D;D;D;A;D;D;D;D;D;D;D;D;D;D;B;C;D;D;D;D;D;D;D;D;D;D;B;D;D;D;A;C;D;D;D;D;D;D;B;D;A;D;B;A;B;D;C;D;A;D;D;A;D;C;A;A;D;D;D;D;B;C;D;A;;;;;;;;;;;;;;;;;;;
1;226;4;1;1;C;B;D;D;A;B;B;C;D;A;B;B;D;A;B;D;B;C;C;B;A;B;C;C;D;C;C;C;B;A;A;A;A;A;D;A;A;B;B;B;B;D;D;B;C;C;B;D;C;B;C;A;B;A;A;B;D;B;D;A;B;C;D;B;C;B;C;C;B;;;;;;;;;;;;;;;;;;;
1;231;4;1;1;B;B;A;D;B;C;D;B;A;C;B;B;D;C;A;D;B;D;D;C;C;A;D;C;B;B;B;D;D;B;C;B;B;A;B;B;C;A;B;C;B;D;B;B;C;C;B;C;B;C;B;A;C;A;B;B;C;B;C;B;D;B;C;C;B;B;B;B;B;;;;;;;;;;;;;;;;;;;
1;232;4;1;2;A;B;C;D;C;D;A;B;A;C;C;B;C;B;A;B;B;D;C;C;A;D;B;A;C;C;C;B;C;D;C;C;A;C;D;D;C;A;B;A;C;B;C;B;B;C;D;A;B;D;C;C;A;A;C;C;C;B;C;C;B;C;C;D;B;C;D;A;B;;;;;;;;;;;;;;;;;;;
1;238;4;1;2;B;A;C;D;B;C;C;B;B;D;B;A;B;D;B;C;C;C;B;C;B;D;B;D;B;C;D;C;B;B;C;C;A;B;C;C;D;A;C;D;A;B;C;B;D;A;C;D;D;D;A;C;C;A;C;B;B;B;A;C;D;C;D;A;B;D;A;B;A;;;;;;;;;;;;;;;;;;;
1;240;4;1;1;D;B;D;A;C;B;D;C;B;D;B;C;D;C;B;D;C;A;D;C;D;B;D;C;B;B;B;B;D;C;D;D;B;C;B;A;C;B;D;A;C;C;C;B;C;B;B;A;D;D;D;C;D;C;A;D;A;A;D;A;C;C;D;B;B;C;A;A;A;;;;;;;;;;;;;;;;;;;
1;242;4;1;1;D;B;C;C;A;A;C;A;A;B;A;A;A;A;B;D;B;B;B;B;B;D;B;B;B;B;B;B;A;A;A;D;B;B;B;A;A;C;A;B;B;A;D;C;C;A;B;B;A;B;D;C;B;B;A;A;A;B;D;A;C;A;D;B;B;B;A;A;B;;;;;;;;;;;;;;;;;;;
1;243;4;1;2;A;C;D;B;D;C;D;B;B;C;D;B;C;A;B;A;D;B;C;C;B;B;C;A;D;B;A;C;B;C;B;D;A;A;B;B;B;A;C;D;B;B;A;B;D;A;D;B;D;A;B;D;B;C;B;D;D;B;A;D;A;C;A;D;D;D;A;D;C;;;;;;;;;;;;;;;;;;;
1;244;4;1;1;C;C;A;B;D;C;D;B;D;B;C;A;A;D;C;D;C;C;B;C;B;B;C;C;D;B;D;B;B;D;A;C;B;B;D;A;C;D;D;C;C;A;C;B;C;D;D;B;B;D;A;A;C;D;C;A;B;A;C;A;C;B;D;C;B;B;D;B;A;;;;;;;;;;;;;;;;;;;
1;245;4;1;1;A;B;A;C;B;A;C;A;C;C;C;D;B;C;B;A;D;A;B;B;C;B;A;D;B;B;B;B;A;C;A;A;B;A;D;B;C;D;C;B;A;D;B;C;C;A;C;D;C;D;D;D;B;D;D;A;C;C;C;C;C;D;D;B;A;B;A;C;A;;;;;;;;;;;;;;;;;;;
1;257;4;1;1;D;B;A;B;B;B;A;B;B;C;B;C;B;A;B;D;B;C;D;C;C;A;D;C;B;B;A;C;B;C;A;A;C;C;A;A;D;B;D;C;D;A;D;D;D;D;B;A;C;D;D;C;A;C;A;A;A;B;D;C;C;D;A;D;B;D;C;C;B;;;;;;;;;;;;;;;;;;;
1;258;4;1;2;A;C;B;D;D;C;A;D;A;D;A;C;A;B;N;A;B;C;N;C;B;D;D;A;D;C;D;B;C;A;D;A;B;A;D;B;A;A;D;B;A;D;A;B;D;C;C;C;A;C;B;C;B;D;C;A;C;A;D;A;B;B;D;B;A;B;B;C;A;;;;;;;;;;;;;;;;;;;
1;262;4;1;2;B;C;B;C;B;D;A;B;A;C;A;A;B;B;C;C;C;B;C;A;B;D;D;A;D;B;D;D;B;B;D;D;B;A;D;B;B;A;C;D;D;A;A;C;D;C;C;D;D;B;D;D;C;A;C;D;C;C;A;C;A;B;D;C;C;D;D;A;A;;;;;;;;;;;;;;;;;;;
1;263;4;1;2;B;C;D;B;D;B;B;D;A;D;A;B;C;D;D;B;D;C;C;C;B;D;A;A;B;A;A;A;D;B;C;A;A;C;A;B;D;B;B;A;B;B;B;A;C;B;C;D;A;A;D;B;B;D;A;A;D;A;A;D;A;C;A;D;B;A;B;D;A;;;;;;;;;;;;;;;;;;;
1;264;4;1;2;B;C;B;C;A;D;A;B;A;B;A;C;D;C;D;B;B;A;B;A;B;D;D;A;D;B;A;C;B;B;D;D;B;A;D;B;B;A;C;D;D;A;D;D;D;C;C;D;D;B;D;D;C;A;C;D;B;C;A;C;A;B;D;C;C;D;D;A;A;;;;;;;;;;;;;;;;;;;
1;267;4;1;1;D;B;C;B;C;B;C;C;A;D;A;D;D;C;C;A;D;C;D;B;C;C;D;B;B;A;A;D;A;C;C;A;B;D;D;A;C;A;B;B;C;B;D;B;A;B;B;D;C;D;A;C;A;D;B;D;D;D;B;C;C;D;D;B;D;C;A;D;B;;;;;;;;;;;;;;;;;;;
1;268;4;1;1;D;C;A;A;D;C;C;A;D;D;B;B;A;D;C;D;C;D;A;C;B;D;D;B;D;B;D;D;B;B;D;D;B;A;A;B;A;B;C;C;D;D;D;B;D;A;C;A;D;A;A;B;C;A;C;A;A;B;D;A;C;D;D;D;B;B;C;C;A;;;;;;;;;;;;;;;;;;;
1;291;4;1;1;D;C;B;D;B;A;D;D;D;C;C;N;A;D;D;A;D;D;D;C;A;D;D;D;B;B;N;D;A;D;D;D;C;C;A;A;A;A;D;C;A;A;A;A;N;A;B;C;B;B;N;A;D;D;A;C;D;N;A;B;A;B;N;A;C;N;A;N;C;;;;;;;;;;;;;;;;;;;
1;312;4;1;1;D;A;A;A;A;B;A;B;D;B;B;A;A;D;D;A;C;D;C;C;A;A;D;D;B;D;B;D;B;B;A;A;D;C;D;A;B;A;B;C;B;D;D;B;C;B;C;C;D;D;D;C;B;D;A;A;B;C;B;D;B;C;D;A;D;B;A;C;C;;;;;;;;;;;;;;;;;;;
1;313;4;1;2;A;D;A;D;A;C;D;B;A;A;D;C;A;A;B;B;D;A;A;B;D;C;D;A;D;B;A;D;C;D;C;C;B;C;D;D;D;C;C;A;B;B;B;B;C;C;A;D;B;D;D;A;A;A;D;C;B;C;A;A;C;C;D;D;B;D;B;A;C;;;;;;;;;;;;;;;;;;;
1;314;4;1;1;D;B;B;D;C;A;B;B;D;C;D;A;D;B;C;D;C;B;D;C;B;A;C;D;B;B;B;C;A;A;C;D;B;C;D;A;A;B;D;B;D;D;D;D;D;A;B;D;A;C;D;C;B;A;A;A;A;B;C;A;A;D;C;A;C;B;B;C;C;;;;;;;;;;;;;;;;;;;
1;14;5;1;2;B;D;A;N;N;N;N;N;N;N;N;N;N;N;N;N;N;N;N;N;N;N;N;N;N;N;N;N;N;N;N;N;N;N;N;N;N;N;N;N;N;N;N;N;N;N;N;N;N;N;N;N;N;N;N;N;N;N;N;N;N;N;N;N;N;N;N;N;N;N;N;N;N;N;N;N;N;N;N;N;N;N;N;N;N;N;N;N
1;30;5;1;2;D;B;C;B;B;C;D;C;C;B;D;D;D;C;B;B;C;C;B;A;C;A;B;B;A;D;A;A;B;B;C;A;B;B;B;C;B;D;A;A;A;A;A;C;A;B;B;D;B;A;B;C;D;B;A;D;C;B;C;A;B;C;C;C;B;B;B;D;C;C;A;C;A;D;C;C;D;B;B;A;A;A;C;A;D;A;C;B
1;37;5;1;2;C;A;A;D;C;B;A;B;A;C;A;B;B;B;C;A;B;B;D;A;A;C;A;C;A;C;B;A;A;B;C;D;D;A;B;C;B;A;A;B;A;A;C;B;C;A;B;A;C;C;C;C;D;B;B;D;D;D;C;A;A;C;C;D;D;D;D;C;A;D;A;D;C;D;B;B;D;C;D;A;A;B;C;A;D;C;C;C
1;48;5;1;1;C;A;C;B;C;A;B;C;A;D;B;A;B;C;A;C;B;A;A;C;C;A;C;C;B;C;B;A;B;A;B;A;D;B;D;C;A;C;C;A;B;C;B;B;C;C;A;B;A;D;A;C;B;D;D;A;B;B;B;D;C;A;A;A;A;D;B;C;A;B;D;C;D;D;D;C;A;C;B;A;D;A;C;D;A;A;C;B
1;67;5;1;2;B;A;A;A;C;N;N;N;C;B;C;C;D;C;N;A;C;B;D;C;C;C;D;A;D;A;C;C;C;C;C;D;B;B;B;B;D;D;A;B;D;A;D;D;C;A;B;B;A;D;A;C;D;C;B;C;A;B;D;A;B;C;A;A;C;B;B;C;C;B;A;C;C;D;C;A;A;B;D;A;D;B;A;A;B;C;C;C
1;72;5;1;1;B;C;C;B;B;A;B;A;B;C;B;B;B;D;C;B;D;B;B;B;A;D;D;D;B;A;C;B;D;B;D;B;D;B;D;D;A;C;C;A;B;C;B;B;C;A;D;B;A;D;D;D;B;B;C;B;A;B;B;B;C;B;C;D;A;D;B;C;A;C;D;B;C;C;D;A;B;C;C;B;D;D;C;D;A;B;C;A
1;74;5;1;2;A;C;B;B;B;D;D;B;B;D;B;D;B;C;C;D;B;A;B;A;A;B;B;A;B;C;C;B;A;C;B;C;B;C;B;C;C;C;A;B;D;A;B;B;B;D;B;D;A;D;D;D;D;B;D;A;C;B;B;A;B;B;C;D;C;B;B;D;A;D;A;C;C;D;D;C;A;B;C;A;B;A;A;A;D;C;B;D
1;97;5;1;2;B;C;B;A;C;C;D;D;A;B;A;C;A;C;C;D;D;B;B;C;D;C;B;C;C;B;C;B;B;A;C;B;C;B;C;C;B;C;B;B;D;A;C;C;C;A;B;C;C;C;D;D;C;B;C;A;B;D;B;D;A;A;C;C;C;D;C;C;C;C;A;C;C;C;C;B;C;C;B;A;C;A;C;A;A;C;D;D
1;108;5;1;2;B;D;B;N;C;A;N;D;C;D;D;D;N;C;C;B;B;A;D;A;A;C;A;B;N;C;N;A;B;N;B;A;D;N;A;C;C;B;A;D;A;C;C;B;A;B;B;B;C;D;A;A;D;B;A;C;C;C;C;N;B;D;A;A;N;B;B;B;B;D;A;B;A;A;C;B;D;B;D;A;C;A;C;C;D;C;C;B
1;124;5;1;1;B;B;C;D;A;B;B;C;A;B;D;C;A;B;B;B;C;A;B;B;A;B;B;C;B;A;B;D;B;C;A;C;B;B;B;D;A;C;C;D;B;D;A;B;C;C;D;C;A;D;C;D;B;C;D;B;A;A;B;B;B;C;B;C;A;A;B;C;C;B;B;A;A;A;D;D;C;A;D;D;D;B;D;B;B;A;B;B
1;131;5;1;2;A;C;A;C;A;B;B;B;C;A;A;D;D;C;C;D;D;A;D;C;A;D;A;D;A;B;A;C;D;C;D;A;A;A;B;A;D;D;A;A;D;A;A;A;A;C;B;D;A;C;C;B;C;B;A;B;C;A;A;C;D;C;C;D;D;D;A;D;D;C;D;C;C;B;A;D;A;C;D;D;C;A;C;B;A;A;C;A
1;132;5;1;1;B;C;C;B;D;B;B;C;C;A;D;D;B;C;B;C;C;B;A;C;C;B;C;C;D;C;A;B;B;A;N;N;N;B;B;A;A;C;A;A;B;C;B;B;C;D;D;C;A;D;D;D;B;C;D;C;A;A;B;D;C;C;A;D;A;C;C;D;C;C;D;A;A;D;D;A;D;D;B;C;D;A;D;B;D;C;B;D
1;134;5;1;2;A;B;C;B;B;A;C;D;A;B;A;A;D;B;D;D;C;B;A;A;C;C;D;B;D;C;C;C;D;B;A;B;D;B;B;C;C;D;A;B;B;B;A;B;A;A;B;A;C;C;A;C;D;B;D;D;D;D;C;A;A;C;C;D;C;A;B;C;C;C;C;A;C;D;D;D;C;B;D;A;A;C;C;B;D;B;C;A
1;135;5;1;1;B;A;C;B;B;B;D;A;D;A;C;C;N;C;C;D;C;N;B;N;N;N;N;N;N;N;C;N;B;N;D;C;D;B;D;C;C;C;B;B;B;B;B;B;A;B;B;C;B;C;C;D;B;B;B;C;B;A;B;D;A;D;A;D;A;D;C;N;C;C;B;B;C;C;C;N;A;B;D;C;C;B;A;A;C;C;C;C
1;139;5;1;2;B;B;A;A;C;B;A;C;B;C;D;C;B;B;A;B;B;C;C;A;A;B;C;B;A;C;A;B;D;A;A;D;C;B;B;A;D;B;A;B;D;B;D;B;B;C;A;B;A;C;A;C;A;B;B;A;B;D;C;A;A;C;D;C;D;C;D;C;A;D;C;A;B;C;C;C;B;D;A;A;B;B;B;A;D;A;A;B
1;140;5;1;2;N;C;N;N;N;N;N;D;B;B;B;N;C;N;C;C;N;B;D;N;C;B;A;N;N;N;N;C;B;N;N;B;B;C;A;B;B;A;A;A;D;A;C;A;B;C;A;D;A;C;D;D;B;B;C;A;A;D;C;A;A;C;B;D;C;D;D;C;C;D;C;C;B;C;B;C;C;C;A;A;D;C;C;A;D;A;C;B
1;143;5;1;2;N;D;N;C;D;N;N;D;N;B;D;N;C;N;N;N;B;N;B;N;N;N;N;B;C;N;N;C;N;A;C;N;A;D;B;C;A;D;A;A;A;A;C;B;C;A;A;A;A;C;D;C;D;B;B;A;C;D;C;C;N;N;A;D;N;B;C;C;A;C;A;D;B;B;A;C;B;B;C;A;A;A;B;B;B;B;B;B
1;145;5;1;1;A;C;B;N;A;A;N;N;D;B;N;A;A;N;N;D;N;A;B;N;N;N;N;N;A;N;N;D;C;N;A;D;A;B;D;B;C;D;D;A;A;C;B;B;A;A;A;A;A;D;D;C;B;A;D;A;B;B;B;D;A;A;A;A;A;B;A;C;D;B;D;A;C;C;D;A;A;C;B;N;A;A;A;A;D;A;C;D
1;155;5;1;1;N;N;N;N;N;D;N;N;C;A;N;N;B;D;N;A;N;B;B;N;N;N;N;C;N;N;B;N;N;N;A;N;B;B;B;C;A;D;A;B;B;A;B;B;D;C;D;A;A;D;C;B;B;D;N;A;A;B;B;B;A;B;A;A;A;D;C;C;N;A;D;D;D;D;B;N;C;N;N;N;D;C;A;A;D;A;N;D
1;170;5;1;2;D;A;D;A;D;C;B;D;D;A;C;B;C;A;D;C;B;D;D;B;B;A;C;B;D;C;D;A;B;A;D;B;D;D;C;C;D;D;A;C;C;A;C;D;C;C;D;C;C;A;C;C;D;C;C;A;C;C;D;C;D;B;C;D;B;D;C;A;C;A;D;B;C;B;B;B;C;B;D;D;D;C;D;A;C;B;C;D
1;174;5;1;2;C;B;A;A;C;C;B;D;A;B;D;D;D;C;C;A;B;B;B;B;C;A;A;A;A;C;A;B;D;B;B;A;B;C;C;C;B;B;A;A;B;B;A;A;D;C;B;C;B;B;A;D;A;B;A;A;B;D;B;A;A;A;C;D;B;D;C;D;A;D;D;C;C;D;C;A;C;B;A;D;D;A;C;A;C;B;A;B
1;178;5;1;1;B;C;C;B;B;B;C;C;C;C;C;C;A;C;B;B;B;C;A;C;B;C;B;B;C;C;D;C;D;B;A;C;C;B;C;D;C;B;B;C;B;B;B;C;B;A;A;B;D;C;C;B;A;B;C;C;B;C;C;D;A;C;B;A;C;C;B;C;B;D;C;C;A;C;B;A;D;B;C;D;B;C;B;A;D;C;B;C
1;182;5;1;2;B;D;B;C;B;A;A;C;C;A;B;D;C;A;B;C;B;B;D;C;B;B;B;C;C;D;B;C;D;B;A;D;A;C;B;B;D;A;A;C;D;C;B;B;B;A;A;D;B;A;A;C;D;B;A;B;D;B;A;C;D;C;A;B;D;B;C;B;A;C;B;C;A;B;A;D;B;D;B;A;B;A;C;A;A;D;D;A
1;183;5;1;1;A;A;A;B;A;B;A;A;B;B;B;C;A;B;A;B;D;B;B;D;B;B;B;B;B;A;D;C;B;B;B;A;B;B;B;C;D;A;A;A;A;B;B;A;A;A;B;B;A;D;D;A;B;D;D;C;D;B;A;B;C;D;A;B;A;B;C;A;A;C;A;B;A;B;B;B;B;C;C;B;B;A;B;B;B;B;B;B
1;187;5;1;2;A;B;A;B;B;B;A;A;A;A;C;D;A;A;A;B;B;A;B;D;D;A;B;A;C;B;A;D;D;A;D;C;A;D;B;A;D;A;A;C;A;C;A;C;A;A;C;D;C;C;D;C;D;C;B;D;B;A;A;D;C;A;A;C;B;A;D;D;B;D;C;B;B;D;B;B;D;C;B;A;A;A;B;C;B;C;B;B
1;188;5;1;2;C;A;C;D;B;B;C;C;B;B;A;B;B;D;D;B;B;D;C;B;C;C;A;B;A;D;C;A;B;C;B;B;C;C;B;C;B;D;A;B;D;B;B;B;B;C;B;C;C;A;B;A;C;B;D;D;A;B;C;A;B;B;C;A;B;C;C;C;A;D;B;C;C;B;C;A;C;B;D;A;D;B;B;A;D;C;A;B
1;189;5;1;2;C;B;A;B;B;D;B;B;B;B;D;C;C;D;C;C;B;B;D;B;C;C;C;D;C;B;A;C;C;D;C;D;B;B;B;B;D;D;A;B;A;D;C;C;A;A;A;C;C;A;A;C;C;B;A;B;D;A;D;C;D;B;C;A;B;D;A;C;D;C;D;D;C;B;B;B;B;A;A;B;B;C;A;A;B;B;B;B
1;190;5;1;2;C;A;A;C;A;B;B;D;A;B;D;D;D;A;C;B;B;B;C;A;B;D;C;D;A;B;B;D;C;A;B;A;B;C;A;C;C;D;A;A;C;A;C;D;A;C;B;B;B;C;A;D;A;B;D;A;B;D;D;A;D;B;A;A;B;B;C;B;A;A;A;A;B;D;A;A;C;B;A;A;C;A;D;A;D;B;C;C
1;191;5;1;2;A;A;A;B;C;D;D;B;C;C;A;D;B;D;A;A;A;D;B;A;D;B;B;D;C;C;A;B;C;A;B;A;D;B;B;A;D;D;D;B;D;C;C;B;C;C;B;A;A;B;A;C;B;B;A;A;A;B;B;A;B;B;A;A;B;D;B;A;A;D;C;C;D;B;B;B;B;A;A;D;A;A;C;B;D;A;B;C
1;193;5;1;1;C;A;C;B;C;D;A;A;A;B;B;B;D;D;B;B;D;A;B;B;D;B;B;B;A;C;C;B;D;B;C;C;B;B;D;C;A;C;C;B;B;C;B;B;D;D;B;B;B;A;A;C;B;B;C;B;C;A;B;D;A;D;A;D;A;D;D;B;D;B;D;C;D;C;D;D;C;C;A;B;D;D;B;B;A;D;D;B
1;195;5;1;2;B;A;D;C;D;B;A;B;A;B;A;B;B;D;C;B;B;D;A;B;A;B;D;D;D;D;C;A;B;D;C;B;D;B;B;C;C;C;A;B;D;A;B;B;A;C;A;B;B;D;D;D;C;B;D;B;B;D;C;A;A;B;C;D;A;B;A;B;D;D;D;C;D;B;C;A;C;D;D;D;A;A;B;B;D;C;C;B
1;196;5;1;1;C;A;C;B;B;D;B;A;B;B;B;D;B;A;B;A;C;A;B;C;D;A;B;B;D;A;B;B;D;D;B;D;D;B;D;C;A;A;C;D;B;A;B;D;C;C;D;A;A;D;D;C;A;B;D;C;B;A;B;A;B;A;A;C;A;A;D;B;C;C;D;C;C;A;D;C;A;A;D;B;D;C;C;C;A;B;C;D
1;197;5;1;2;A;C;B;C;C;B;B;D;C;D;A;B;B;C;D;B;A;D;C;C;A;B;B;D;C;A;C;C;C;A;B;C;C;B;C;B;D;D;A;B;D;A;C;D;C;B;B;A;C;D;B;C;D;B;A;C;C;A;C;A;B;C;C;A;C;B;D;C;C;D;D;C;C;A;B;C;B;A;A;C;B;A;C;A;D;C;C;B
1;198;5;1;1;B;A;B;A;B;B;A;A;B;A;B;C;A;B;A;B;B;A;B;A;B;A;B;A;B;A;C;A;B;A;B;A;A;B;A;A;A;B;B;B;B;A;B;B;A;B;A;B;A;A;A;B;A;A;D;A;A;A;B;B;B;B;B;A;D;A;B;B;B;B;A;A;A;B;A;A;B;B;B;A;A;A;A;B;A;A;A;A
1;199;5;1;2;B;B;C;C;A;B;C;B;C;B;C;C;D;A;C;B;C;A;B;A;A;B;D;B;C;C;A;A;D;D;B;A;B;B;A;D;A;B;A;A;B;A;C;A;B;C;B;A;D;D;C;C;C;A;D;C;A;D;C;A;A;C;D;B;A;D;C;D;D;D;D;A;B;D;D;B;B;D;A;D;D;C;A;B;C;D;A;D
1;200;5;1;2;C;B;B;B;C;D;B;C;B;A;D;B;C;C;C;C;B;A;D;D;C;D;D;D;C;D;D;C;D;B;C;C;D;C;D;C;C;D;D;A;A;C;C;A;C;D;B;D;C;A;A;A;D;B;C;B;B;B;C;C;C;C;C;D;D;D;C;D;B;D;A;A;C;D;B;B;A;A;D;D;A;A;A;A;C;A;A;B
1;201;5;1;2;B;A;D;B;C;D;A;D;D;A;A;C;D;C;B;A;B;D;C;C;C;D;D;C;D;B;D;C;B;D;D;A;B;C;B;C;C;C;A;C;D;C;C;C;B;D;B;C;A;B;C;D;D;B;A;A;D;C;C;A;D;B;C;C;B;D;B;D;A;B;C;A;B;B;C;B;D;B;C;B;B;A;C;A;D;A;D;D
1;202;5;1;2;D;A;A;B;D;C;C;C;B;B;D;C;B;A;D;C;A;C;A;A;C;D;D;B;B;A;A;C;C;A;C;B;B;A;B;B;B;D;A;B;A;A;A;B;C;D;B;B;C;A;A;C;D;B;D;D;D;B;A;A;B;B;C;B;C;C;C;C;D;D;C;B;C;B;C;D;C;C;B;A;A;B;B;C;D;A;C;C
1;203;5;1;1;C;B;C;B;D;D;D;B;C;D;B;C;B;A;D;A;B;D;B;C;D;B;A;D;A;C;B;D;A;B;D;A;A;B;C;B;C;A;C;D;B;A;A;B;C;B;A;C;B;D;B;A;B;A;C;A;A;B;D;D;B;C;A;B;A;B;A;C;C;A;C;B;C;A;A;D;A;C;B;C;D;C;A;A;C;B;B;A
1;204;5;1;1;D;C;A;A;B;D;B;A;C;A;B;C;D;D;B;B;C;A;A;C;D;B;D;D;B;C;A;D;C;D;A;A;D;B;D;C;B;C;C;B;B;A;B;C;A;C;A;A;C;D;C;D;B;C;D;D;D;B;B;D;B;A;B;D;A;D;B;C;B;D;D;C;C;D;D;D;D;C;C;B;D;C;C;D;A;C;B;B
1;205;5;1;1;D;B;C;D;D;A;A;C;C;B;C;C;A;D;A;B;D;B;C;D;A;A;B;D;A;D;D;B;C;D;A;A;D;C;C;A;C;A;B;B;B;A;B;A;B;B;B;A;A;B;B;A;A;A;B;A;A;A;B;A;A;B;A;D;D;B;A;C;A;A;A;A;D;C;C;B;A;A;D;B;C;C;C;D;A;B;D;B
1;206;5;1;2;B;D;A;C;B;A;B;C;B;A;A;D;A;C;C;B;A;A;B;A;D;A;C;B;C;C;A;C;D;A;C;B;A;D;A;C;B;D;A;A;D;B;A;B;D;B;B;A;B;C;B;C;D;B;A;A;C;B;C;A;D;D;C;A;B;B;C;A;B;C;D;D;D;D;D;A;B;D;D;A;D;B;A;B;D;A;C;C
1;207;5;1;2;C;A;D;B;C;B;B;D;C;D;B;D;C;A;A;A;B;D;D;B;B;D;B;C;C;B;A;B;B;A;B;A;A;B;A;A;D;A;C;B;B;A;B;C;B;B;A;A;B;A;A;A;C;B;D;A;B;A;B;B;B;C;C;A;B;D;B;D;B;B;B;A;B;A;B;C;B;B;A;B;C;B;B;A;C;A;C;C
1;208;5;1;2;A;B;C;B;C;D;C;B;C;B;D;C;D;B;C;D;C;D;B;D;C;D;B;B;C;C;B;C;C;D;C;D;B;C;B;C;C;D;A;B;B;A;C;B;B;C;B;B;C;D;A;D;A;B;B;D;C;D;C;A;C;B;C;D;A;D;A;B;A;C;A;A;C;C;C;B;C;B;D;D;D;A;A;C;C;A;A;B
1;209;5;1;1;A;B;A;B;B;C;D;D;A;B;B;D;B;C;C;B;B;D;D;C;D;B;C;C;C;B;B;C;C;B;C;D;D;B;D;C;A;D;D;A;B;C;B;B;C;C;A;A;A;D;C;C;B;B;D;D;C;A;B;D;B;C;A;D;A;A;B;C;D;B;B;C;B;A;D;A;B;A;B;C;D;C;D;A;C;C;C;B
1;210;5;1;1;A;C;C;A;A;A;N;N;N;N;N;N;N;N;N;N;N;N;N;N;N;N;N;N;N;N;N;N;N;N;N;N;N;N;N;N;N;N;N;N;N;N;N;N;N;N;N;A;A;D;A;N;A;A;A;A;A;B;C;C;B;C;B;A;A;A;D;A;A;B;D;D;B;A;B;B;D;B;N;A;A;A;B;B;A;B;A;D
1;211;5;1;1;C;C;C;B;C;C;D;C;B;D;A;A;A;C;B;D;D;B;B;A;C;D;C;B;C;A;D;D;C;C;D;A;A;B;A;D;A;D;C;C;B;A;A;B;C;D;C;C;A;D;B;C;B;C;A;B;D;A;B;D;D;B;A;B;D;D;D;D;D;A;D;B;D;D;B;A;B;C;B;A;D;C;D;B;D;B;A;C
1;215;5;1;2;C;A;A;C;B;D;D;C;D;A;A;B;D;B;D;A;D;C;A;C;D;C;D;D;C;A;C;D;C;A;B;A;D;C;B;B;C;A;A;A;A;A;C;B;D;A;B;B;A;D;A;C;D;B;C;D;A;A;C;D;A;B;D;C;B;B;D;A;D;D;A;C;C;D;A;D;A;D;D;A;D;A;C;C;D;C;B;C
1;216;5;1;2;B;D;C;C;B;A;B;D;D;B;B;C;D;C;C;B;D;B;A;C;C;B;D;A;A;D;C;D;B;D;C;A;D;B;C;B;C;D;A;B;A;A;C;B;C;C;B;B;B;A;B;D;B;B;D;B;A;B;B;A;D;B;A;D;C;B;C;B;A;D;C;A;A;B;C;A;B;C;D;C;D;D;C;C;C;C;B;B
1;217;5;1;1;A;D;C;D;B;C;C;D;D;B;D;B;C;C;D;C;B;D;B;C;C;B;B;C;A;B;A;B;C;A;B;A;B;B;D;D;C;C;A;D;B;B;D;A;A;C;B;C;C;A;B;C;A;A;D;A;A;B;B;D;A;B;B;A;A;D;D;C;B;A;D;A;C;D;B;A;B;A;B;B;C;A;D;B;A;C;B;C
1;218;5;1;1;A;C;B;D;D;A;A;D;B;D;D;D;C;A;B;D;C;A;D;C;C;D;B;A;B;D;C;D;A;D;D;A;D;B;A;C;C;C;C;B;A;D;A;B;C;C;A;A;A;D;D;A;B;A;D;C;A;D;A;D;B;A;A;A;A;A;D;C;D;B;C;B;B;A;D;A;A;A;D;A;B;C;D;A;C;B;D;B
1;219;5;1;1;C;B;C;D;A;D;C;A;A;C;B;B;D;C;D;C;C;D;B;A;A;C;C;C;C;D;C;B;B;B;C;B;D;A;B;C;B;D;B;A;A;A;A;B;A;B;A;A;A;A;C;C;A;A;C;B;D;A;C;B;A;C;A;A;A;D;C;C;C;B;A;B;C;C;C;B;C;B;D;C;D;C;D;B;A;C;C;A
1;220;5;1;2;D;A;B;A;C;C;A;D;C;C;B;C;B;C;B;B;D;A;C;A;C;A;B;B;B;B;B;A;B;A;A;B;C;A;C;A;A;D;A;A;A;B;A;B;B;C;A;B;B;C;A;A;C;B;C;A;A;C;C;B;A;D;C;A;B;D;A;C;A;C;A;A;A;A;A;C;C;B;D;B;B;A;A;B;D;D;D;B
1;228;5;1;2;B;C;A;A;B;B;C;B;B;A;A;C;B;C;D;A;B;A;D;A;C;B;C;B;C;C;A;B;C;D;A;D;C;B;C;B;C;D;A;A;C;C;B;A;A;B;B;A;D;A;D;D;A;B;B;A;A;D;D;D;B;C;C;C;C;D;A;A;D;C;C;A;D;A;B;C;D;A;B;C;D;A;B;A;B;C;D;C
1;229;5;1;1;A;B;C;B;A;B;B;B;B;C;B;B;B;B;C;B;C;B;C;B;B;C;B;B;B;A;B;C;B;B;B;A;D;B;B;C;D;C;D;B;B;B;A;C;C;B;B;A;A;A;B;D;A;A;B;B;A;D;A;A;A;B;C;B;D;C;C;C;A;B;C;B;D;D;C;C;B;C;D;A;C;B;C;A;B;A;A;A
1;230;5;1;1;C;B;C;A;B;D;D;B;C;A;D;D;B;C;B;A;B;B;A;A;D;D;D;B;D;B;D;D;D;D;B;C;D;B;C;B;D;D;D;B;B;D;B;D;A;D;B;B;A;A;C;A;C;D;A;D;D;A;C;D;D;C;A;C;D;B;B;D;C;D;A;D;B;C;C;A;D;D;D;C;C;A;C;D;C;D;D;B
1;233;5;1;1;B;B;C;C;D;A;A;A;A;D;C;B;B;C;C;D;D;B;B;B;A;C;D;B;B;C;C;A;B;B;D;A;C;B;C;D;A;B;B;B;B;C;C;A;B;A;B;A;A;A;B;A;C;A;A;B;D;A;A;A;B;C;B;D;C;A;B;C;D;B;C;D;C;D;D;D;A;C;C;A;D;C;B;D;C;B;C;D
1;235;5;1;2;B;A;A;C;A;C;A;A;B;A;D;D;B;A;B;D;B;B;B;A;A;B;A;B;A;B;A;B;C;B;D;A;B;A;A;B;A;B;B;A;B;A;C;B;B;A;D;B;A;A;C;A;A;B;B;A;B;A;B;A;A;B;A;A;D;C;B;B;A;C;B;B;B;B;A;A;A;A;B;C;B;A;A;A;B;A;D;B
1;246;5;1;2;C;C;A;D;A;A;B;A;A;A;B;C;B;C;C;A;A;B;A;D;D;D;C;B;D;C;A;C;C;A;D;A;D;C;D;C;B;D;A;C;A;A;D;B;A;B;A;A;A;A;C;D;A;B;B;A;B;D;A;D;D;D;C;D;D;D;C;A;B;D;A;A;C;C;C;A;C;D;C;A;D;A;A;D;A;D;B;D
1;249;5;1;2;B;B;B;B;A;B;A;C;C;A;D;B;B;A;B;B;A;D;B;D;B;D;B;A;D;C;A;B;B;A;C;C;A;B;B;D;B;C;C;A;A;D;D;A;D;B;A;D;C;A;C;D;C;B;D;C;A;D;C;B;A;D;B;A;B;C;B;C;D;C;D;A;B;D;A;C;D;C;D;B;C;C;A;D;A;C;A;D
1;259;5;1;2;B;B;A;C;B;A;A;A;D;D;B;D;D;A;C;D;A;A;A;B;A;B;B;B;B;A;A;C;D;B;A;A;A;A;C;B;A;A;A;C;B;C;C;C;C;C;B;A;C;D;C;B;B;B;A;A;D;D;A;C;D;C;C;A;C;D;B;D;C;A;D;C;C;C;B;A;C;D;A;B;A;C;A;A;D;C;D;D
1;261;5;1;1;B;A;N;N;B;D;N;N;N;B;N;N;B;C;N;C;N;A;B;N;D;N;N;N;N;N;N;N;B;N;C;A;A;D;B;A;A;C;B;D;B;C;D;B;D;D;B;C;A;A;B;C;B;D;B;B;A;C;B;D;A;D;A;C;A;B;D;A;B;B;D;C;A;A;C;A;B;A;D;N;B;C;N;D;D;A;A;D
1;265;5;1;1;C;C;C;D;B;A;A;C;B;A;B;C;B;C;B;A;D;A;D;C;C;C;B;C;B;A;C;C;A;C;B;D;C;B;C;D;C;C;B;C;A;C;B;C;B;C;C;C;A;D;D;D;B;C;B;C;A;A;B;C;B;A;C;D;B;D;B;C;C;C;C;C;C;D;D;B;C;D;B;C;D;C;C;A;A;B;D;B
1;266;5;1;2;A;A;D;C;D;A;B;C;D;C;D;C;B;D;C;A;A;B;A;B;A;C;D;B;B;C;A;C;B;B;A;B;B;C;A;A;A;D;A;B;D;A;C;B;A;C;A;D;D;D;A;C;C;B;C;D;B;C;C;B;C;A;C;D;A;D;B;A;A;A;A;B;C;D;C;B;C;C;D;A;D;A;A;A;D;C;D;D
1;269;5;1;2;C;B;A;A;A;D;C;C;B;A;B;C;B;A;D;A;B;B;A;B;A;D;D;A;B;A;A;C;B;B;A;B;A;A;B;A;C;D;A;B;D;B;C;B;B;B;B;A;A;C;A;C;A;B;D;C;B;D;C;A;B;B;C;D;B;D;A;A;A;D;A;D;B;A;D;A;C;C;B;A;A;A;A;A;D;A;C;B
1;270;5;1;2;B;A;D;C;D;B;C;A;C;B;A;B;B;A;C;A;B;C;D;B;C;D;D;A;D;A;B;A;B;B;D;B;C;C;A;D;D;C;B;C;A;B;A;B;C;B;B;A;C;C;D;A;D;B;D;D;B;D;C;A;B;B;C;A;A;B;A;B;C;D;A;C;C;A;C;D;D;C;D;A;D;A;B;B;D;B;C;C
1;271;5;1;1;A;A;B;B;C;A;C;A;C;D;C;C;A;C;B;D;B;A;B;D;C;A;C;C;B;C;A;D;B;B;C;A;A;B;B;C;A;A;D;A;B;A;A;B;A;B;D;C;A;D;A;C;B;B;A;A;C;B;B;D;C;B;A;A;A;A;D;A;A;C;D;D;D;A;D;C;D;A;B;C;B;C;A;A;A;A;C;D
1;272;5;1;2;A;A;C;C;B;B;C;B;C;B;B;D;C;B;B;A;C;C;C;B;B;C;B;B;D;B;B;C;C;B;B;D;D;A;B;C;B;D;A;B;B;C;C;B;B;C;B;B;C;B;C;C;B;C;D;A;A;D;C;A;D;B;C;A;D;D;C;B;B;D;A;C;C;B;A;C;C;D;A;A;A;A;D;A;D;A;A;B
1;273;5;1;1;A;A;C;D;C;D;C;C;C;A;N;A;A;D;A;A;B;B;B;N;N;N;N;N;N;N;N;N;C;N;N;B;B;B;D;D;A;C;A;A;B;C;A;B;A;A;A;B;A;D;A;D;B;D;A;A;C;A;B;D;A;A;A;D;A;D;B;C;D;B;C;D;C;C;D;D;N;N;B;N;C;D;D;A;D;D;B;C
1;274;5;1;2;C;D;B;C;B;D;B;B;B;C;D;B;C;C;D;C;D;C;B;C;A;C;B;D;D;C;B;B;C;B;D;B;C;B;D;C;C;D;A;B;D;A;B;B;A;C;B;A;A;C;D;C;C;C;D;B;B;B;C;D;A;C;C;D;C;B;C;C;A;D;A;D;C;D;C;A;C;C;D;D;C;B;C;A;A;A;D;B
1;276;5;1;2;B;C;A;C;B;C;D;D;A;C;B;D;D;B;C;B;D;D;D;D;B;D;D;D;D;C;C;C;C;B;C;B;D;D;C;A;A;D;A;C;D;A;D;B;A;C;B;D;A;A;C;A;A;B;C;A;A;A;B;A;B;D;C;D;B;B;C;A;D;C;A;D;A;B;B;B;D;C;A;A;A;A;B;B;D;B;C;C
1;277;5;1;1;D;B;A;A;A;B;D;C;C;D;B;D;B;B;C;A;B;C;B;B;B;C;C;B;B;D;B;C;A;C;C;A;D;D;A;B;B;A;C;C;A;C;B;C;C;C;B;A;A;D;D;B;B;A;C;B;B;A;D;D;B;B;A;A;A;A;B;B;D;C;D;D;C;A;A;B;C;B;B;D;D;D;D;A;D;C;B;A
1;278;5;1;1;D;A;C;B;B;D;B;A;B;C;B;B;B;A;A;D;B;C;D;C;C;B;C;C;B;C;A;C;D;C;C;C;C;B;B;D;B;C;B;B;A;C;D;C;B;D;D;A;D;C;B;B;C;C;C;C;C;B;B;D;D;B;A;C;C;D;B;B;B;A;A;A;A;A;B;A;C;B;B;B;A;D;B;A;B;A;C;C
1;279;5;1;1;C;B;C;B;B;C;B;C;B;C;C;B;A;C;B;B;C;A;B;B;A;A;A;C;B;B;C;B;B;C;B;A;C;D;A;C;B;D;B;B;A;B;A;A;C;D;D;A;A;D;D;D;B;D;C;B;D;A;A;D;B;B;A;A;D;A;C;C;D;C;B;C;C;A;A;B;C;B;B;D;D;D;D;A;B;A;C;C
1;280;5;1;1;C;C;A;B;B;C;A;D;B;C;A;D;A;C;B;B;C;A;B;C;D;A;C;B;B;A;D;B;D;B;B;D;C;B;D;C;A;D;D;D;B;A;D;B;D;A;A;B;A;A;C;B;D;B;D;A;D;A;C;D;C;C;A;A;D;D;D;C;A;A;D;A;C;C;D;D;D;B;D;A;D;C;D;B;C;C;A;B
1;281;5;1;2;D;B;N;N;N;N;N;D;A;A;B;B;N;D;C;A;D;D;D;C;N;B;B;C;C;C;C;C;C;A;N;C;D;C;B;C;A;D;A;A;A;D;N;B;C;B;C;D;B;D;A;A;A;B;C;B;N;A;C;A;N;C;C;N;N;N;N;C;B;N;C;D;N;N;N;N;C;D;A;A;N;A;N;A;C;N;D;C
1;282;5;1;2;D;A;C;C;A;D;B;D;C;C;B;C;A;D;A;D;C;D;D;B;B;A;B;D;D;D;A;D;C;B;D;B;A;A;B;A;C;D;A;A;C;C;B;B;C;D;B;B;A;C;C;C;B;D;D;A;D;B;C;B;A;C;C;D;B;D;A;B;C;D;A;D;D;C;B;B;B;D;A;D;A;A;C;B;D;C;B;B
1;283;5;1;2;B;B;A;B;A;A;B;B;A;B;D;C;B;B;C;A;B;C;A;A;B;B;D;A;A;C;A;C;C;A;C;B;B;C;C;D;A;D;A;C;B;B;D;B;A;D;B;A;A;C;A;D;D;B;C;A;B;B;C;D;B;D;C;D;B;D;D;A;C;A;A;C;D;C;B;C;B;B;A;A;A;B;A;A;D;A;B;C
1;285;5;1;2;C;D;B;A;C;A;C;D;A;B;B;C;B;C;C;B;B;A;D;D;A;B;B;B;D;B;D;D;C;A;C;A;D;D;A;A;A;D;A;B;D;A;C;B;C;C;B;B;D;D;C;B;D;B;B;A;D;A;C;B;A;D;C;D;A;B;B;C;B;A;A;A;B;C;A;C;C;B;C;A;D;D;A;A;B;D;B;B
1;286;5;1;1;C;A;C;A;B;B;D;A;D;D;B;B;A;D;A;C;B;D;D;B;D;A;D;B;D;D;C;B;C;D;C;A;D;B;D;C;A;D;D;B;B;C;C;B;D;B;D;B;A;A;A;B;D;D;A;C;C;A;B;D;D;B;A;A;A;B;D;C;A;C;B;A;A;A;D;A;D;A;B;B;C;C;C;A;C;A;B;B
1;287;5;1;2;A;B;A;A;A;D;D;B;A;C;B;C;B;A;A;C;C;B;B;A;B;A;B;A;C;B;A;C;B;A;D;C;C;A;B;A;C;D;A;D;C;A;C;B;A;B;B;B;A;A;A;C;A;A;B;A;A;A;B;A;D;C;A;D;C;B;D;B;B;A;A;A;C;C;B;A;C;B;B;A;A;A;B;B;D;B;B;B
1;288;5;1;1;C;C;C;A;B;B;A;A;C;C;C;C;A;C;B;D;B;A;C;C;C;C;C;A;C;C;B;D;C;C;C;C;A;B;D;C;B;A;C;C;B;B;C;B;C;D;C;B;A;C;D;D;B;B;C;A;B;B;B;D;B;C;A;A;A;B;B;B;D;B;C;C;D;A;C;D;C;C;B;A;B;C;B;B;D;B;B;B
1;289;5;1;1;C;B;A;B;C;D;A;C;C;C;C;C;A;B;C;D;C;D;D;C;C;D;C;B;C;C;A;A;A;A;B;B;C;B;D;C;A;D;C;C;B;B;B;B;C;A;B;A;A;D;D;D;B;B;B;B;A;A;B;D;A;C;B;D;A;D;B;B;C;C;D;B;D;C;A;C;C;C;B;B;D;A;B;C;C;A;C;B
1;290;5;1;1;D;C;C;C;A;A;B;B;C;A;B;B;B;C;B;A;D;D;A;C;D;C;C;C;B;C;B;C;C;B;C;A;A;B;A;C;C;B;A;B;B;A;B;B;B;C;D;C;A;B;B;A;B;D;A;A;D;A;D;D;A;A;A;A;B;A;D;C;A;C;A;C;A;C;C;A;B;A;D;C;B;C;C;D;B;A;B;D
1;292;5;1;1;D;B;B;B;C;D;A;B;A;B;B;B;A;C;C;A;D;D;B;C;D;C;D;D;C;A;C;B;C;B;A;D;A;B;A;C;A;A;B;D;B;C;A;B;D;D;D;A;A;D;A;D;D;B;A;C;B;D;B;C;A;A;A;A;A;A;C;D;A;A;C;C;A;C;D;D;A;D;B;B;C;C;C;B;A;A;D;B
1;293;5;1;2;B;B;D;C;B;C;B;C;B;D;A;D;B;A;A;B;A;A;D;D;A;D;C;B;A;C;A;D;C;B;A;B;D;C;B;A;D;B;D;B;D;A;A;B;B;C;A;B;A;B;D;C;A;B;A;A;B;D;A;A;A;C;C;B;A;D;A;B;D;C;A;D;B;C;B;B;C;C;D;A;B;A;B;B;D;C;C;B
1;294;5;1;2;B;B;C;B;A;B;A;B;C;D;A;B;A;C;D;A;B;A;D;C;C;D;D;B;B;C;A;D;C;A;A;D;D;B;B;D;B;D;A;B;C;C;B;D;C;C;B;B;A;B;A;C;D;B;D;B;B;B;C;A;B;C;C;D;C;B;C;C;D;D;D;A;B;D;C;A;D;C;D;C;D;C;D;A;D;C;C;C
1;295;5;1;1;A;A;B;B;D;D;D;A;A;B;B;D;A;C;C;D;B;D;B;D;D;B;A;C;A;A;B;D;C;B;D;A;B;B;B;C;A;D;C;B;B;A;B;D;D;D;D;C;C;B;D;C;B;A;B;A;D;A;B;D;A;B;A;A;A;A;C;B;C;D;A;A;A;D;D;A;A;A;B;C;D;C;A;D;A;C;B;C
1;298;5;1;2;B;A;A;A;A;C;A;C;B;D;A;B;A;B;C;A;C;C;A;C;C;D;B;B;A;B;C;B;C;A;A;B;B;A;A;C;D;D;A;B;A;B;C;B;A;A;B;B;C;C;A;D;D;B;D;A;A;B;C;A;B;A;C;D;C;B;B;C;B;D;A;B;C;D;B;A;C;C;D;A;A;A;C;B;D;C;C;C
1;300;5;1;1;A;D;C;D;B;D;B;C;D;A;A;D;B;B;C;C;C;C;B;B;C;C;B;B;B;A;C;C;A;C;B;A;B;B;C;C;C;D;B;D;B;A;B;B;B;C;B;B;A;D;D;C;B;B;B;C;B;B;B;D;A;A;B;D;D;D;C;C;A;C;D;A;B;A;A;D;B;C;D;C;C;C;B;B;B;B;B;B
1;302;5;1;1;C;C;C;D;B;D;B;C;A;D;B;B;D;B;C;C;C;C;D;C;C;A;C;B;B;A;D;A;A;A;B;D;B;D;D;C;A;B;D;C;C;D;B;B;D;C;A;B;B;A;B;C;B;B;A;A;D;B;B;B;A;C;A;A;C;D;D;C;D;B;C;D;D;D;C;D;B;A;B;B;D;C;A;A;A;C;C;B
1;303;5;1;2;C;A;D;A;C;D;B;C;C;D;B;B;D;C;C;B;C;B;B;D;A;A;D;B;A;B;D;A;B;D;D;A;C;A;B;C;B;D;B;B;A;C;B;C;C;B;B;C;D;B;C;C;B;B;B;C;C;B;C;A;A;C;A;D;D;B;D;C;C;D;C;D;C;B;A;D;C;B;D;C;A;A;B;B;B;D;B;B
1;304;5;1;2;D;B;C;A;C;C;D;C;C;B;B;B;A;D;D;A;B;C;D;B;A;B;B;B;D;A;C;C;B;B;A;D;B;B;B;C;D;D;A;B;A;C;D;B;C;C;A;B;B;C;B;A;A;B;A;D;C;A;C;A;A;B;A;D;C;D;A;C;B;B;C;D;D;B;B;A;C;D;A;B;A;A;A;A;D;C;C;C
1;305;5;1;2;C;D;A;D;D;C;A;D;C;D;D;D;B;C;D;C;C;A;D;C;D;C;B;C;D;A;A;C;C;A;B;D;B;B;B;B;D;C;A;B;C;C;D;B;A;D;B;C;D;A;A;C;A;B;C;A;B;B;C;C;B;C;C;D;D;D;A;C;C;D;A;C;C;C;C;A;C;C;B;A;A;A;D;A;D;A;B;C
1;306;5;1;2;A;B;B;C;B;A;A;D;C;D;B;A;B;D;C;A;A;C;D;C;A;D;D;C;A;C;B;C;B;A;C;B;C;A;B;B;A;A;A;B;A;A;D;B;A;A;A;C;B;C;A;B;D;B;C;A;B;A;C;C;A;C;A;D;C;C;D;C;B;A;D;D;B;C;C;C;C;C;A;C;A;A;C;A;A;A;N;N
1;308;5;1;2;A;B;D;B;C;A;D;A;B;C;D;D;C;B;B;A;B;C;D;C;A;A;D;B;C;B;A;B;C;A;B;C;B;A;D;B;A;D;A;C;D;C;B;C;B;C;A;B;B;D;A;C;A;B;B;A;D;B;B;A;D;A;C;D;A;A;A;D;A;D;D;C;A;C;C;C;C;B;A;A;A;A;A;A;D;D;B;C
1;309;5;1;2;D;B;D;A;A;C;B;C;A;D;D;B;B;D;C;B;A;C;B;D;B;B;B;C;A;C;D;B;B;C;C;D;B;C;C;A;C;D;A;B;A;C;D;B;A;D;B;C;D;A;A;D;B;B;C;A;B;B;C;C;A;D;C;D;D;B;C;C;D;D;A;D;C;C;C;A;C;C;B;A;A;A;D;A;D;A;B;C
1;310;5;1;2;C;C;A;D;C;C;A;C;C;C;A;B;D;B;C;B;D;A;C;C;A;B;A;D;C;A;A;C;B;A;C;C;D;D;B;B;D;D;A;A;A;A;C;B;D;B;B;D;A;D;B;C;C;B;D;A;A;D;C;B;B;C;C;D;D;B;C;A;D;A;A;D;C;D;B;C;C;B;D;A;A;B;C;A;D;D;A;B
1;311;5;1;1;A;C;C;B;C;D;C;D;B;C;B;B;A;D;B;B;C;B;C;C;D;B;B;B;A;A;A;C;C;B;A;B;D;B;D;C;C;A;C;B;B;C;B;D;C;D;B;A;B;D;B;C;B;D;B;B;C;B;B;D;A;C;A;D;A;D;D;B;A;D;D;C;C;A;D;C;B;D;B;B;D;C;C;A;D;B;D;D
1;315;5;1;1;C;A;C;D;C;D;B;C;B;C;B;B;B;C;B;D;D;D;D;C;A;B;D;B;D;C;D;B;B;C;C;A;A;B;D;C;A;C;C;A;A;A;A;B;B;C;A;D;A;B;B;D;A;C;C;A;A;A;B;D;A;A;B;B;A;B;D;B;C;C;C;B;A;A;D;D;B;A;D;B;D;C;C;D;D;C;C;D
1;316;5;1;1;D;B;A;D;A;B;B;B;C;C;A;D;B;D;B;B;B;D;B;C;D;A;D;B;B;D;A;B;A;C;C;C;A;B;D;C;C;A;D;C;B;C;B;D;B;B;D;D;A;B;D;B;B;C;A;D;C;A;B;D;A;C;B;A;A;B;D;A;D;C;B;B;D;D;C;D;B;B;D;A;B;C;B;B;A;D;C;C
1;317;5;1;2;C;C;D;A;A;D;A;B;A;D;D;A;B;A;D;B;A;B;D;B;A;B;C;A;D;A;A;C;B;B;B;C;A;B;A;C;B;B;B;B;D;C;D;D;A;D;B;A;A;A;D;B;D;B;B;A;C;A;C;A;B;A;C;D;A;D;D;C;C;A;A;C;B;A;D;A;C;D;A;D;C;A;A;A;D;A;A;D
1;318;5;1;2;B;A;A;C;A;B;D;C;A;A;B;D;C;C;C;A;B;A;B;C;B;D;B;A;C;C;A;A;B;A;C;B;D;A;B;A;A;B;A;B;A;A;D;B;D;C;B;A;A;B;A;D;B;B;B;A;D;B;B;B;A;C;C;C;A;D;A;A;C;D;A;C;B;A;A;C;C;C;B;A;B;A;A;B;D;B;A;B
1;319;5;1;2;B;C;B;C;A;D;C;C;B;C;D;C;D;B;C;B;C;B;A;C;C;C;B;B;B;A;C;C;A;C;B;A;B;C;B;C;B;B;A;A;A;A;A;D;C;C;B;D;A;B;D;D;A;B;C;A;D;C;C;A;B;C;C;D;D;C;A;C;C;D;A;D;C;A;C;B;C;C;A;A;A;A;A;A;D;A;D;B
1;320;5;1;1;A;B;A;B;B;D;D;C;C;B;D;B;D;C;C;D;B;A;A;C;D;D;D;C;C;A;B;D;B;C;B;C;B;B;D;D;D;A;C;A;B;D;B;D;B;C;D;A;D;B;A;C;B;A;D;A;D;B;A;D;B;B;A;A;C;C;C;C;C;D;D;B;C;A;D;C;D;B;C;D;C;A;C;B;A;D;A;D
1;321;5;1;2;A;C;C;B;D;D;C;A;C;C;D;C;B;D;C;C;A;D;D;D;C;D;B;D;A;A;B;D;D;A;D;A;D;C;C;A;C;B;A;B;D;D;D;B;C;B;B;B;A;B;C;D;C;B;D;A;A;D;C;D;D;D;C;D;B;D;A;A;D;C;A;C;A;D;C;A;C;C;D;A;A;B;C;B;D;B;C;B
1;322;5;1;2;C;D;B;B;A;D;A;C;B;C;A;C;D;B;C;B;B;B;A;A;C;C;D;C;A;C;C;A;C;D;C;C;D;C;B;C;A;A;A;B;D;A;C;D;C;B;A;B;C;C;A;C;D;B;D;D;A;D;C;A;A;D;B;D;N;C;B;D;A;C;A;D;C;D;C;A;C;B;D;A;A;A;C;A;A;C;B;D
1;323;5;1;1;D;A;C;A;A;D;B;A;C;D;B;B;A;D;D;B;C;D;D;D;D;C;B;C;A;A;C;A;B;C;C;B;A;B;C;A;D;B;B;D;D;A;A;D;D;A;B;C;A;B;A;D;D;A;D;B;D;B;B;D;D;A;A;A;D;A;C;B;A;A;C;C;A;A;A;A;A;B;D;A;B;C;C;D;A;D;A;C
1;324;5;1;2;B;B;C;C;B;B;D;A;D;B;B;C;D;B;C;A;B;D;A;C;A;A;B;A;C;C;C;D;C;D;B;A;C;B;A;A;A;A;A;A;D;A;C;A;B;B;B;A;C;A;C;B;C;C;C;D;A;B;C;B;B;C;A;D;D;D;B;C;B;D;A;B;C;A;B;C;C;A;B;D;C;A;B;B;D;A;C;D
1;325;5;1;2;C;A;D;C;C;C;C;C;C;D;B;B;C;A;D;A;C;B;A;B;A;A;D;B;C;A;A;B;C;C;C;D;C;D;B;C;A;C;A;A;D;C;C;B;B;C;B;C;D;C;D;C;D;D;A;A;A;D;C;D;B;C;C;D;C;C;C;C;D;D;B;C;A;A;C;B;C;D;A;A;D;B;A;B;D;B;B;A
1;326;5;1;1;C;C;C;D;B;D;B;C;C;A;B;D;A;C;C;D;D;A;A;B;C;B;B;B;C;A;C;B;B;B;B;D;C;B;A;C;C;C;C;B;B;B;B;D;A;D;A;A;A;A;D;A;A;B;A;C;D;A;A;D;A;A;B;B;D;D;A;B;B;D;A;A;A;D;A;A;B;D;B;B;D;B;B;A;C;A;A;B
1;327;5;1;2;B;B;A;A;A;C;B;C;D;B;D;B;D;A;C;B;C;B;A;A;A;C;D;B;C;B;D;A;D;A;A;A;B;D;A;D;B;D;A;B;B;A;C;B;A;B;B;A;A;A;C;A;B;B;B;A;A;D;D;D;B;A;C;C;C;B;A;A;B;C;A;D;C;C;B;D;C;B;B;A;C;A;C;B;B;B;B;B
1;328;5;1;2;D;C;D;A;A;A;D;D;A;D;D;D;B;D;C;D;A;A;A;A;A;C;A;B;A;B;B;A;D;C;B;D;B;D;B;D;B;D;C;B;A;C;C;A;C;C;B;D;A;B;D;C;A;D;C;A;D;C;D;A;B;A;C;D;A;D;B;C;C;D;D;C;C;D;C;D;D;D;A;A;B;A;C;A;B;C;A;B
1;329;5;1;1;A;N;C;B;A;D;B;A;C;A;A;B;A;C;A;A;C;C;D;A;B;A;B;A;B;B;B;A;C;C;A;C;D;D;C;C;B;A;C;B;B;C;A;B;A;C;C;C;A;D;B;D;B;D;B;A;A;B;B;B;C;N;A;B;A;B;D;B;A;A;D;B;D;A;D;N;N;A;N;N;D;C;N;B;D;N;N;B
1;330;5;1;1;A;D;B;C;B;D;D;A;A;A;B;C;B;C;A;D;B;D;B;D;C;B;C;A;A;A;B;D;D;D;A;B;A;B;A;C;A;A;C;B;B;A;B;B;B;B;B;A;A;D;B;D;A;D;A;A;B;A;C;D;A;A;B;A;D;B;B;C;A;A;C;B;C;A;D;C;C;C;B;D;D;B;A;C;D;B;B;B
1;331;5;1;2;A;D;C;A;A;D;B;B;B;D;C;C;D;B;C;A;C;B;A;B;D;D;A;B;D;D;B;C;C;C;A;C;B;B;B;C;C;B;A;B;C;C;A;B;C;C;B;B;C;D;C;D;D;A;C;D;C;D;C;A;B;B;C;D;D;C;A;C;A;D;B;C;C;D;B;A;D;B;C;A;A;A;C;B;D;C;B;D
1;332;5;1;2;D;D;C;D;A;B;B;D;B;D;C;C;D;C;C;A;C;B;C;C;C;B;D;C;C;C;A;B;B;C;C;C;B;B;B;A;C;D;D;A;B;C;D;B;C;C;B;B;A;D;B;C;B;B;B;D;A;B;C;C;B;D;C;D;C;D;C;B;D;C;A;D;B;D;B;C;C;C;D;A;D;C;B;C;D;C;C;B
1;333;5;1;1;D;A;D;C;B;C;B;D;D;D;B;C;C;C;B;C;C;A;A;C;D;D;B;A;D;C;A;C;C;B;D;A;D;B;C;D;C;C;A;D;B;D;B;D;A;D;D;C;A;D;B;A;B;B;C;A;C;A;B;D;A;D;B;C;C;A;C;B;B;C;B;D;C;A;D;C;C;A;B;D;D;C;C;B;D;A;A;A
1;334;5;1;2;B;D;C;B;C;C;C;B;C;A;A;C;B;B;D;B;A;B;D;B;B;A;A;D;B;A;C;A;B;C;C;D;B;C;B;C;B;D;A;A;A;A;C;D;C;B;B;A;C;D;A;C;C;B;D;A;A;B;C;A;D;C;C;D;B;D;C;C;A;C;D;D;B;A;C;C;C;C;D;A;D;A;C;A;D;A;B;B
1;335;5;1;1;C;B;D;A;C;B;B;A;A;C;B;C;A;C;C;D;D;D;B;C;D;B;D;C;A;D;A;B;B;D;A;A;B;B;C;C;B;D;D;D;B;C;B;D;C;C;C;A;A;A;D;B;C;B;B;B;C;A;B;B;A;A;B;A;B;D;D;C;D;D;A;D;A;C;C;C;C;C;B;A;D;B;C;B;A;A;C;C
1;336;5;1;1;C;C;A;D;C;A;C;D;B;A;B;C;A;C;B;D;C;C;D;C;B;B;D;A;A;A;D;D;C;B;A;B;D;B;C;C;B;C;C;B;B;A;B;B;A;C;B;C;A;D;B;C;A;C;B;D;B;A;B;D;A;B;B;A;A;D;C;C;A;A;A;B;D;C;C;D;B;C;D;B;D;C;B;B;A;A;B;D
1;337;5;1;2;B;A;A;C;A;C;B;C;B;B;D;B;D;C;D;A;C;A;C;A;D;C;D;B;C;D;D;A;D;D;B;A;B;D;A;D;B;D;A;B;B;A;C;B;A;C;B;D;A;C;A;A;D;B;B;A;A;D;D;D;B;A;C;C;B;D;C;B;D;D;D;D;C;C;A;D;C;B;B;C;D;B;A;A;C;D;D;B
1;338;5;1;1;A;B;D;B;A;D;A;B;B;D;C;C;A;C;C;A;B;A;C;D;C;C;C;A;B;A;B;B;C;C;C;A;D;B;A;A;C;C;B;A;B;C;A;D;A;C;D;A;A;B;B;A;B;C;C;D;D;A;A;D;A;C;A;D;A;D;C;A;B;C;A;C;C;D;C;A;C;A;D;B;D;C;C;D;A;A;C;D
1;339;5;1;1;C;A;C;B;A;C;B;C;D;C;A;C;C;C;A;C;B;A;B;B;A;B;D;A;C;B;D;B;B;B;D;D;D;B;D;D;A;A;B;C;B;B;B;A;C;D;C;B;A;A;B;C;B;D;C;B;C;A;C;D;A;D;B;C;A;A;D;C;B;C;D;D;D;A;D;C;C;A;D;C;D;C;C;D;D;A;C;B
1;340;5;1;2;A;B;A;B;C;C;B;N;N;N;N;N;N;N;N;C;C;B;N;N;N;N;N;N;N;N;N;N;N;N;N;N;C;B;B;D;B;A;A;B;B;N;N;D;C;C;B;B;C;A;C;D;A;B;D;A;C;B;C;A;D;C;C;D;N;N;N;N;C;D;B;D;N;D;D;A;C;N;A;A;D;B;C;D;D;A;N;B
1;341;5;1;2;A;B;C;B;C;C;C;C;B;B;A;C;D;D;C;A;B;B;D;C;C;D;C;B;A;A;B;D;C;A;C;D;C;C;B;C;B;B;A;C;D;C;C;D;C;C;B;A;C;D;C;C;B;B;D;A;B;B;C;A;D;C;C;D;D;D;A;C;D;C;C;D;C;C;C;B;A;C;A;A;D;A;C;C;D;A;B;D
1;342;5;1;2;B;D;C;B;B;C;C;A;N;B;A;C;D;N;N;A;C;B;B;C;B;C;B;C;D;A;A;B;B;N;N;D;C;B;B;C;B;D;A;C;D;N;C;N;C;A;A;A;N;C;N;N;N;N;D;N;N;B;C;N;D;A;C;N;N;N;N;N;N;C;C;N;A;N;N;N;N;N;N;N;D;A;C;N;N;N;N;N
1;343;5;1;1;B;A;A;D;C;B;C;B;C;B;A;C;A;B;C;D;C;A;A;C;A;C;C;A;B;A;B;A;B;C;C;A;D;B;D;D;A;C;C;A;B;C;C;D;C;B;C;A;A;D;B;C;B;C;C;C;D;B;A;D;A;C;C;C;A;A;C;A;A;C;C;C;C;C;C;D;C;A;C;C;D;C;C;D;D;C;B;D
1;344;5;1;1;B;A;A;D;C;B;C;B;C;B;B;C;A;C;A;D;C;A;A;C;C;C;C;A;B;C;B;A;B;C;C;A;D;B;D;D;A;C;C;A;B;C;C;D;A;B;D;A;A;D;B;C;B;B;C;C;B;D;A;D;A;C;A;D;A;D;D;A;B;C;C;C;C;C;C;A;C;C;D;B;C;C;C;A;A;C;C;D
1;345;5;1;2;A;A;C;B;A;C;A;B;C;D;A;B;D;C;D;B;A;B;A;B;D;C;A;C;A;C;A;C;B;D;B;A;A;A;B;C;C;D;A;A;A;B;A;B;C;A;B;D;D;C;A;D;A;B;C;D;B;D;C;A;D;C;A;D;B;D;C;C;D;D;D;A;C;D;C;C;D;D;B;A;A;A;D;B;D;A;C;B
1;346;5;1;2;D;C;D;C;C;D;B;B;C;D;D;B;D;D;C;B;D;D;C;C;B;D;A;B;C;C;A;C;C;B;C;A;A;B;B;B;A;D;A;A;A;B;A;D;B;A;B;A;A;B;D;D;D;B;B;A;C;D;C;A;A;D;D;D;B;D;C;C;A;D;A;D;C;A;B;B;C;C;A;A;A;B;B;C;D;A;A;B
1;347;5;1;1;C;B;C;B;C;D;C;C;A;C;B;C;A;D;B;D;B;B;D;D;C;B;A;A;D;B;A;C;C;C;D;A;A;B;D;D;D;A;B;B;A;B;A;B;B;B;B;A;A;A;A;A;A;B;A;C;D;A;C;D;A;B;B;A;A;D;A;C;C;A;A;D;C;C;C;B;C;C;D;B;A;C;C;B;A;A;B;C
1;348;5;1;1;C;A;C;A;B;D;C;A;C;D;D;B;B;C;B;B;B;A;B;B;B;B;B;C;D;C;A;C;C;A;D;B;A;B;A;C;A;D;C;B;B;B;B;B;B;C;A;A;A;D;B;A;C;D;B;A;B;A;B;D;D;B;B;A;D;D;B;C;C;B;C;A;C;D;D;D;C;C;D;B;B;C;B;D;A;A;B;B
1;349;5;1;1;C;A;C;A;D;A;B;A;B;B;B;A;B;C;D;B;B;B;A;B;C;B;A;B;B;A;A;D;C;A;B;D;A;B;C;A;D;D;C;B;B;B;C;D;A;B;C;A;A;A;B;C;C;B;A;D;A;A;B;D;B;A;A;A;A;A;D;C;B;C;A;A;D;D;A;A;B;B;D;A;C;C;C;B;B;C;B;B
1;350;5;1;2;A;C;A;C;B;B;D;D;D;B;B;C;D;A;D;B;A;D;B;C;D;A;D;A;D;C;A;A;D;B;B;B;A;A;A;B;B;B;A;A;D;D;A;A;B;A;B;A;A;B;A;C;D;B;C;A;D;C;C;B;D;B;A;B;B;D;A;B;A;B;A;A;D;A;B;C;D;A;A;A;C;A;A;A;B;A;B;B
1;351;5;1;1;D;A;C;B;B;B;A;A;D;D;B;B;B;C;D;B;D;B;A;C;B;B;D;B;B;A;B;B;B;B;B;A;C;B;D;D;C;C;A;B;B;A;C;D;A;C;D;A;A;B;A;A;A;A;A;A;A;B;A;D;D;A;A;A;A;A;A;C;D;A;A;A;A;D;D;B;A;A;D;B;C;D;B;A;D;A;C;A
1;352;5;1;2;C;C;C;B;A;B;A;A;C;B;A;D;A;C;A;B;D;D;D;A;C;D;A;A;D;D;C;C;B;D;C;C;D;B;D;C;D;D;A;A;C;A;A;C;B;D;B;A;B;B;D;C;C;B;B;A;C;D;C;D;D;A;C;B;A;D;D;D;D;D;A;D;A;A;D;B;B;D;D;A;D;A;A;D;D;D;B;B
1;353;5;1;2;C;C;C;B;A;B;A;A;C;B;A;D;A;C;A;B;D;D;D;A;C;B;A;A;D;D;C;C;B;D;C;C;D;B;D;C;D;D;A;A;C;A;A;C;B;D;B;A;B;B;D;C;C;B;B;A;C;D;C;D;D;A;C;B;A;D;D;D;D;D;A;D;A;A;D;B;B;D;D;A;D;A;A;D;D;D;B;B
1;354;5;1;2;C;B;C;B;A;B;A;A;C;B;A;D;A;C;A;B;D;D;D;A;C;D;A;A;D;D;C;C;B;D;C;C;D;B;D;C;D;D;A;A;C;A;A;C;B;D;B;A;B;B;D;C;C;B;B;A;C;D;C;D;D;A;C;B;A;D;D;D;D;D;A;D;A;A;D;B;B;D;D;A;D;A;A;D;D;D;B;B
1;355;5;1;2;B;C;D;B;A;B;C;C;B;D;A;B;D;B;B;B;B;B;C;A;C;C;D;C;B;C;C;B;C;B;C;A;D;D;B;C;C;D;A;B;D;B;C;B;A;C;B;D;A;C;A;C;D;B;B;C;D;D;C;A;D;C;A;D;C;D;C;C;D;D;A;A;C;D;C;D;C;B;D;A;A;A;C;A;D;A;C;C
1;356;5;1;2;B;C;A;B;A;B;D;C;C;D;A;D;D;C;B;A;B;B;C;A;D;C;A;B;D;A;C;C;B;D;D;C;D;C;B;C;C;D;A;B;A;C;C;B;A;B;B;A;A;D;A;C;B;B;B;D;B;D;C;A;D;C;A;D;C;B;D;D;B;A;A;A;B;D;C;C;B;B;B;D;D;A;D;C;D;A;D;C
1;357;5;1;2;B;A;A;A;A;A;B;C;D;D;A;B;D;B;B;A;B;B;C;A;C;C;D;C;B;A;A;A;C;A;A;A;D;D;B;C;D;D;A;B;D;C;A;B;A;C;B;D;A;C;A;B;C;B;B;A;A;D;C;A;D;C;A;D;C;D;C;C;A;D;A;A;A;A;A;A;A;B;A;A;D;A;A;B;D;A;C;B
1;358;5;1;2;D;A;A;A;A;C;C;B;C;A;A;B;B;C;C;A;D;B;D;B;C;A;C;B;A;B;C;D;B;C;A;A;A;B;B;C;B;D;A;B;D;C;C;B;A;C;A;A;C;A;A;B;D;B;A;B;C;D;C;D;A;A;C;D;D;D;A;A;A;A;A;C;D;B;B;B;C;C;D;D;A;B;D;A;B;A;A;B
1;359;5;1;2;D;B;A;A;D;C;B;C;A;B;D;C;D;C;C;A;A;B;A;A;A;A;C;D;D;B;A;A;C;B;C;A;C;C;B;C;B;D;A;B;A;B;C;B;A;A;B;D;C;A;A;C;D;B;B;D;B;B;C;A;B;C;C;B;D;B;D;A;C;D;A;C;A;D;C;C;D;B;C;A;D;A;D;B;D;A;C;B
1;360;5;1;1;C;A;C;C;C;D;C;B;B;D;B;D;A;C;A;D;B;C;D;B;D;B;D;C;C;A;C;B;C;A;C;A;A;B;D;D;A;C;C;A;B;B;B;B;C;B;A;A;C;D;B;C;B;D;B;C;D;D;B;B;B;C;A;D;A;D;B;C;B;C;A;A;D;D;C;B;B;D;D;D;B;C;C;A;A;C;C;D
1;361;5;1;2;D;C;B;B;C;D;A;C;B;D;B;B;C;A;C;B;B;A;A;A;B;C;C;D;C;B;A;B;B;D;C;B;C;C;B;B;C;A;A;B;A;C;C;B;D;A;B;A;C;C;A;A;B;B;B;C;C;B;C;D;A;C;C;D;C;B;C;C;C;D;A;D;A;D;B;B;C;D;B;A;C;B;C;A;D;A;C;B
1;362;5;1;1;A;A;A;B;A;D;A;A;C;B;B;D;A;D;B;D;C;C;D;B;D;C;A;C;A;C;A;A;D;A;A;B;B;B;D;D;D;C;C;A;B;C;B;B;D;A;A;C;A;D;D;A;B;D;A;D;C;C;C;D;B;B;A;A;D;D;C;C;C;C;D;C;A;A;C;A;B;A;B;B;D;C;B;B;A;B;D;B
1;363;5;1;2;C;B;A;A;B;D;A;D;C;D;A;C;C;B;D;A;B;B;A;A;C;B;C;C;B;C;B;A;C;A;A;A;D;C;B;C;A;D;A;B;D;A;A;B;D;B;B;B;D;C;D;C;B;B;A;D;B;B;C;C;A;B;C;D;B;A;A;C;D;D;A;C;A;D;C;A;C;B;A;A;D;A;C;A;D;A;C;B
1;364;5;1;1;B;D;C;A;D;B;B;A;C;C;B;B;D;C;B;B;B;A;D;C;C;B;D;A;B;D;A;D;B;C;A;C;B;B;C;C;A;B;C;B;B;B;B;B;D;A;A;C;A;C;C;D;D;B;D;B;A;B;C;D;A;C;B;C;A;B;A;B;A;B;C;A;B;C;C;C;C;D;B;C;B;C;A;B;A;B;A;B
1;365;5;1;1;A;C;C;B;B;D;B;D;D;B;C;C;B;D;A;B;A;A;B;D;C;B;D;A;D;A;C;A;B;B;A;D;A;B;B;C;A;D;C;B;B;D;B;B;A;B;D;D;A;D;D;B;B;B;D;B;B;B;A;B;A;C;A;D;A;D;B;C;A;A;A;A;A;A;D;A;B;B;B;A;D;C;A;B;D;A;D;A
1;366;5;1;1;A;B;D;A;A;B;B;C;B;A;A;A;B;C;A;C;D;C;A;A;C;B;B;B;C;C;B;B;B;C;A;A;B;B;C;C;B;D;B;D;B;B;B;D;B;B;D;A;A;D;C;A;B;A;D;B;A;A;C;C;B;D;A;B;A;A;B;D;B;B;A;C;C;A;D;B;B;A;D;B;A;C;D;C;A;B;D;A
1;367;5;1;1;C;A;C;A;C;C;A;A;C;B;C;C;B;A;A;A;D;C;A;B;B;B;B;C;B;A;B;C;B;C;B;A;B;B;B;C;B;C;C;C;A;A;A;A;B;C;B;B;A;D;C;C;D;D;B;B;B;D;A;B;B;A;B;C;D;D;D;B;A;D;C;B;D;A;C;D;B;A;D;B;B;C;B;C;D;B;B;C
1;368;5;1;2;C;D;C;A;D;A;D;C;C;B;D;A;B;D;A;B;A;C;B;D;A;D;D;B;A;C;A;C;A;B;C;A;D;C;B;B;B;D;C;B;B;C;C;B;A;C;B;A;D;A;A;C;A;B;B;B;B;D;C;A;A;B;C;D;C;D;D;B;B;D;A;D;B;D;C;A;C;D;D;A;B;A;B;A;D;C;A;A
1;369;5;1;2;D;B;A;C;C;C;B;D;C;B;D;C;D;C;C;C;D;B;A;D;C;C;B;B;B;D;A;B;B;A;B;B;B;A;B;D;C;D;A;B;B;A;C;B;C;A;B;D;B;C;A;C;A;B;D;C;A;B;C;A;A;C;C;B;C;A;D;A;C;B;A;C;C;A;B;B;A;C;D;A;A;B;C;A;D;A;C;B
1;370;5;1;2;A;B;B;A;C;D;B;B;B;B;B;D;B;A;C;A;C;A;A;D;C;B;D;A;D;C;A;D;C;A;C;D;C;A;B;C;B;A;A;A;C;C;C;B;A;B;A;D;C;B;C;C;D;B;C;A;D;D;A;B;A;C;A;D;C;B;A;B;D;D;C;A;C;B;C;A;C;D;A;D;D;B;C;A;C;A;B;D
1;371;5;1;2;B;A;C;A;A;C;A;A;A;D;D;C;D;C;C;A;B;B;B;D;D;A;B;D;B;C;A;D;B;A;C;A;A;A;A;D;C;D;A;A;D;A;C;B;A;C;A;B;A;A;C;C;A;B;C;A;C;D;C;C;A;C;A;D;A;B;C;D;A;D;C;C;A;D;D;A;C;C;D;A;C;A;A;B;D;C;C;D
1;372;5;1;2;B;C;B;A;A;B;C;B;B;D;D;C;D;D;C;A;D;B;A;B;C;C;B;C;A;C;B;C;B;A;B;C;A;B;B;C;A;D;A;B;A;C;A;B;C;B;A;D;C;D;A;C;B;B;B;D;A;B;C;A;C;C;D;D;C;B;C;C;B;D;D;B;B;C;B;B;D;C;A;A;C;A;A;B;C;A;C;A
1;373;5;1;1;D;A;C;B;B;B;A;C;B;D;C;A;A;D;B;D;C;A;A;B;C;A;C;B;C;A;A;C;D;B;A;A;B;B;D;C;A;C;B;B;A;C;B;C;C;B;A;C;A;A;C;A;B;B;D;A;D;A;B;B;C;B;A;A;A;A;B;A;A;C;B;A;D;A;B;C;B;A;D;D;A;C;B;A;B;C;B;D
1;375;5;1;1;B;A;C;D;C;B;C;B;B;A;B;D;D;C;B;D;C;D;B;B;D;C;C;B;B;D;D;B;B;C;B;A;A;B;C;D;C;A;A;C;B;D;B;D;D;D;D;C;A;D;A;C;B;B;A;A;D;B;B;D;A;C;C;D;C;D;B;D;C;B;D;B;C;A;B;A;B;C;D;A;D;C;B;B;D;A;B;C
1;376;5;1;1;C;C;C;D;B;C;B;B;A;B;C;B;D;B;D;B;B;C;B;C;C;B;B;B;C;D;C;C;C;C;D;C;B;B;A;C;A;D;D;C;B;C;B;B;B;B;D;D;B;C;B;C;A;C;D;D;D;A;C;B;A;C;A;D;D;D;B;C;D;B;C;B;D;A;D;D;B;C;D;D;D;A;C;B;A;B;B;D
1;377;5;1;1;B;D;N;D;A;B;A;C;B;A;C;D;A;C;C;B;D;A;D;C;B;C;D;B;B;D;C;C;C;C;A;D;A;B;B;C;A;C;A;A;B;B;B;B;A;A;B;A;B;B;B;A;A;B;B;A;B;A;B;B;A;A;A;A;A;D;B;C;C;A;D;A;A;A;D;A;B;C;D;C;D;C;B;A;B;A;B;B
1;378;5;1;2;A;B;C;A;A;B;B;A;C;B;C;B;D;C;C;B;A;D;D;C;B;A;B;D;A;C;D;B;B;A;C;B;C;C;C;C;B;D;A;A;C;A;D;C;C;A;B;A;B;A;B;C;C;C;A;B;D;B;B;A;A;B;C;D;D;A;D;B;A;C;A;C;C;C;B;D;B;A;A;A;B;C;B;B;D;C;A;D
1;379;5;1;2;A;A;C;C;A;B;A;A;D;C;A;D;C;A;A;C;B;B;B;C;B;A;A;C;A;C;C;A;D;A;D;A;B;A;B;C;D;A;A;C;C;A;D;A;B;B;B;B;A;A;C;B;B;B;C;A;B;A;A;B;B;D;A;B;B;B;C;A;C;B;A;C;D;D;C;B;B;D;A;D;D;B;C;B;A;D;C;D
1;45354;5;1;1;A;B;A;B;D;D;D;C;A;D;B;B;C;B;A;A;C;D;C;A;A;A;C;D;B;D;D;B;C;D;D;A;B;B;C;A;A;C;C;B;B;D;A;B;D;C;D;B;A;D;B;C;B;C;D;A;B;D;C;D;A;D;A;B;A;B;D;C;A;A;D;B;C;A;D;D;B;A;B;A;D;C;C;A;B;B;A;A
1;45470;5;1;1;C;A;C;A;A;D;C;A;B;A;B;A;A;A;A;D;A;B;D;A;A;A;A;A;A;B;A;C;A;A;B;A;A;A;A;C;A;A;C;A;B;C;B;A;C;A;A;A;A;A;C;A;A;A;A;A;A;B;A;B;B;A;A;B;A;A;B;B;A;A;D;A;D;A;D;A;A;A;A;A;A;A;C;A;B;A;A;A
1;45471;5;1;1;C;A;A;A;C;A;C;A;B;A;B;A;A;A;A;D;C;B;D;C;A;B;A;A;A;B;D;A;A;A;B;A;D;A;A;C;B;C;A;A;B;C;A;A;C;A;B;A;B;A;A;C;A;A;A;A;A;B;A;B;B;C;A;B;B;D;A;A;A;A;D;A;A;A;A;A;A;A;B;A;D;C;A;A;B;A;A;A
